INSERT INTO public.bag_openbareruimte (identificatie,begingeldigheid,eindgeldigheid,typeomschrijving,naam,naamnen,geometrie,beschrijvingnaam,ligtinwoonplaatsid,statusomschrijving,volgnummer,registratiedatum,straatcode,straatnaamptt,statuscode,geconstateerd,typecode,heeftdossierid,bagprocescode,bagprocesomschrijving,plusvolgnummer) VALUES
	 ('0363300000001026','2014-01-10',NULL,'Weg','Stuurmankade','Stuurmankade','SRID=28992;POLYGON ((125160.938 487282.012, 125157.282 487281.366, 125027.367 487258.405, 125008.178 487255.014, 124976.703 487249.451, 124955.583 487245.718, 124952.912 487245.246, 124909.471 487237.569, 124901.707 487236.197, 124768.631 487212.677, 124768.461 487213.635, 124756.882 487211.349, 124749.469 487210.029, 124749.056 487213.587, 124746.75 487213.319, 124742.78 487212.858, 124740.883 487212.638, 124741.353 487208.585, 124540.32 487172.797, 124550.531 487164.775, 124650.8 487182.402, 124654.74 487183.095, 124743.932 487198.776, 124750.776 487199.882, 124920.01 487229.593, 124927.382 487230.888, 124950.093 487234.875, 124975.097 487238.566, 124991.201 487241.249, 125007.254 487244.033, 125010.011 487244.642, 125028.316 487248.685, 125155.666 487270.876, 125165.696 487272.761, 125249.999 487287.574, 125328.314 487301.335, 125326.305 487311.122, 125249.999 487297.752, 125193.911 487287.839, 125160.938 487282.012))','Iemand die een vaartuig stuurt.','3594','Naamgeving uitgegeven',7,'2019-06-28','59625','STUURMANKD','1',false,'1','GV00001729',NULL,NULL,NULL),
	 ('0363300000001083','2014-01-10',NULL,'Weg','Borneolaan','Borneolaan','SRID=28992;MULTIPOLYGON (((124471.118 487160.478, 124464.664 487110.858, 124527.289 487121.794, 124532.602 487091.45, 124552.98 487095.018, 124557.305 487126.244, 124550.531 487164.775, 124540.32 487172.797, 124471.118 487160.478)), ((124420.646 487136.112, 124367.092 487135.757, 124367.671 487193.903, 124372.932 487193.833, 124372.589 487197.238, 124364.34 487196.116, 124362.534 487208.41, 124343.169 487205.445, 124344.573 487193.213, 124351.816 487135.916, 124277.634 487135.479, 124262.392 487134.815, 124261.123 487134.806, 124211 487134.451, 124199.956 487134.373, 124198.683 487134.364, 124198.572 487137.124, 124193.02 487136.978, 124193.072 487134.619, 124193.061 487134.619, 124176.68 487134.452, 124176.762 487109.205, 124193.895 487109.341, 124197.895 487109.372, 124198.265 487109.375, 124247.393 487109.764, 124279.232 487109.968, 124339.665 487110.596, 124340.736 487064.612, 124326.825 487064.503, 124326.88 487058.536, 124345.517 487058.674, 124349.516 487058.704, 124349.565 487052.344, 124349.671 487038.441, 124358.649 487038.512, 124358.497 487058.776, 124381.312 487058.948, 124381.267 487064.927, 124367.76 487064.824, 124367.408 487110.768, 124419.706 487111.243, 124420.646 487136.112)))','Het grootste eiland in Indonesië. Borneo behoort tot de Republiek Indonesië, met uitzondering van het noordwestelijk deel, dat tot Maleisië behoort. Heet thans Kalimantan.  ','3594','Naamgeving uitgegeven',8,'2023-05-08','54712','BORNEOLN','1',false,'1','GV00001729',NULL,NULL,NULL),
	 ('0363300000002177','2014-01-10',NULL,'Weg','Feike de Boerlaan','Feike de Boerlaan','SRID=28992;POLYGON ((124557.305 487126.244, 124552.98 487095.018, 124721.864 487124.712, 124728.291 487125.881, 124910.642 487157.717, 124928.094 487191.423, 124757.519 487161.476, 124750.706 487160.245, 124733.744 487157.263, 124729.721 487156.556, 124680.022 487147.818, 124675.983 487147.108, 124661.514 487144.564, 124657.574 487143.872, 124640.178 487140.814, 124633.348 487139.613, 124615.458 487136.468, 124609.205 487135.368, 124557.305 487126.244))','Feike de Boer (1892-1976), directeur van de N.V. Stoomvaart Maatschappij ''Nederland'' van 1934 tot 1946. Talloze nevenfuncties, waaronder commissaris van de N.V. Ned. Ind. Steenkolen Handel Maatschappij en van de N.V. Nederlandse Dok Maatschappij. Van 1945 tot 1946, precies driehonderd dagen, burgemeester van Amsterdam.  ','3594','Naamgeving uitgegeven',7,'2019-06-28','57843','F DE BOERLN','1',false,'1','GV00001729',NULL,NULL,NULL),
	 ('0363300000002594','2014-01-10',NULL,'Weg','Tweede Rozendwarsstraat','Tweede Rozendwarsstraat','SRID=28992;POLYGON ((120375.723 487271.981, 120382.057 487274.445, 120360.493 487327.381, 120354.424 487324.898, 120375.723 487271.981))','De bloem','3594','Naamgeving uitgegeven',8,'2019-06-28','00795','2E ROZENDWSTR','1',false,'1','GV00001729',NULL,NULL,NULL),
	 ('0363300000003592','2014-01-10',NULL,'Weg','Hoogte Kadijk','Hoogte Kadijk','SRID=28992;POLYGON ((122690.214 487042.092, 122683.64 487031.227, 122811.614 486957.175, 122816.768 486954.284, 122821.148 486951.828, 122890.838 486911.037, 122923.108 486892.138, 123005.115 486843.412, 123009.486 486840.909, 123020.238 486834.638, 123018.678 486831.963, 123028.053 486826.496, 123026.461 486823.766, 123048.658 486810.818, 123053.175 486808.183, 123051.159 486804.727, 123054.614 486802.712, 123057.884 486800.805, 123061.994 486807.895, 123101.649 486784.809, 123112.396 486778.552, 123109.498 486773.448, 123115.602 486769.82, 123122.096 486780.199, 123134.999 486772.572, 123130.531 486764.993, 123131.895 486764.291, 123133.175 486763.899, 123134.447 486763.762, 123135.835 486763.844, 123137.356 486764.246, 123138.302 486764.634, 123138.927 486765.013, 123148.482 486759.743, 123240.678 486705.308, 123248.183 486700.98, 123252.973 486698.217, 123260.035 486694.145, 123265.655 486690.903, 123269.624 486688.613, 123311.063 486663.716, 123326.533 486654.422, 123373.09 486626.45, 123355.895 486597.831, 123361.756 486594.472, 123373.34 486589.76, 123373.922 486599.056, 123374.279 486604.749, 123381.546 486604.473, 123382.194 486620.422, 123414.199 486618.629, 123418.44 486618.454, 123428.198 486617.62, 123432.958 486612.144, 123439.989 486625.907, 123444.984 486629.822, 123442.622 486630.817, 123439.146 486632.284, 123428.549 486633.789, 123427.656 486632.89, 123390.767 486636.127, 123385.507 486638.77, 123385.517 486638.979, 123381.443 486641.527, 123335.211 486669.159, 123322.248 486676.648, 123277.016 486703.308, 123266.462 486709.378, 123261.721 486712.104, 123251.101 486718.212, 123246.028 486721.217, 123228.921 486731.372, 123227.434 486732.232, 123219.943 486736.565, 123210.752 486741.882, 123209.101 486739.166, 123201.187 486743.8, 123197.735 486745.821, 123189.056 486750.903, 123173.247 486760.586, 123148.341 486774.709, 123149.378 486776.486, 123143.697 486779.526, 123140.009 486781.499, 123138.084 486777.797, 123125.107 486785.467, 123126.921 486788.952, 123124.052 486790.618, 123120.398 486790.708, 123112.554 486795.258, 123107.294 486798.309, 123106.883 486798.547, 123102.548 486801.062, 123098.876 486803.192, 123094.41 486805.784, 123090.502 486808.051, 123085.919 486810.711, 123034.988 486840.488, 123029.998 486843.208, 123016.643 486850.883, 123019.25 486855.269, 123014.866 486857.758, 123012.496 486853.609, 122972.069 486877.904, 122967.048 486880.911, 122951.791 486889.72, 122944.282 486894.055, 122939.286 486896.94, 122932.401 486901.043, 122878.945 486932.902, 122873.461 486931.685, 122855.773 486941.886, 122854.278 486947.328, 122826.703 486963.246, 122817.382 486968.626, 122731.734 487018.066, 122690.214 487042.092))','Toen buiten de oude zeedijk (St. Antoniesdijk) veel land was aangeslibd, werd een zomerkade of kadijk aangelegd. Oorspronkelijk sprak men van de nieuwe zeedijk, maar die raakte naderhand in onbruik. Bij een verdere verhoging van deze nieuwe dijk sprak men van de Laagte en de Hoogte van de Kadijk. De Tussen Kadijken heette tot 1943 Korte Kerkstraat. Deze ligt namelijk in het verlengde van de Plantage Kerklaan, maar is daar nimmer mee verbonden geweest.','3594','Naamgeving uitgegeven',8,'2019-06-28','15989','HOOGTE KADK','1',false,'1','GV00001729',NULL,NULL,NULL),
	 ('0363300000003916','2014-01-10',NULL,'Weg','Nieuwe Nieuwstraat','Nieuwe Nieuwstraat','SRID=28992;POLYGON ((121373.014 487605.827, 121377.185 487605.81, 121388.628 487605.807, 121410.419 487606.931, 121426.574 487607.682, 121446.941 487608.505, 121449.999 487607.747, 121457.562 487605.838, 121458.73 487603.025, 121464.72 487615.624, 121449.999 487613.072, 121436.296 487612.597, 121410.231 487612.212, 121387.04 487612.021, 121384.54 487612.045, 121377.287 487611.854, 121372.419 487611.95, 121349.228 487611.759, 121321.265 487611.664, 121320.679 487610.978, 121315.326 487604.707, 121373.014 487605.827))','Bij vroedschapsresolutie van 1550 werd besloten tot de aanleg van een nieuwe straat bij de Korsjespoort, deze straat werd eenvoudig ''nieuwe straat'' genoemd. Dertig jaar later werden het Sint Geertruidenklooster en het Lieve Vrouwengasthuis afgebroken dat tussen de Nieuwezijds Voorburgwal en de Nieuwendijk stond. Ook hier kreeg een der nieuw aangelegde straten de naam van de ''nieuwe straat''. Om beide nieuwe straten te onderscheiden, kregen de namen in de eerste helft van de zeventiende eeuw de toevoeging ''Oude'' en ''Nieuwe'', en deze namen hebben ze tot op heden behouden. De Nieuwe Nieuwstraat werd aanvankelijk ook Nieuwe Herenstraat genoemd.','3594','Naamgeving uitgegeven',8,'2019-06-28','26093','NW NIEUWSTR','1',false,'1','GV00001729',NULL,NULL,NULL),
	 ('0363300000004136','2014-01-10',NULL,'Weg','Lauriergracht','Lauriergracht','SRID=28992;POLYGON ((120551.162 487209.909, 120544.937 487207.564, 120534.622 487203.171, 120528.686 487200.643, 120429.738 487158.506, 120422.809 487156.343, 120395.326 487144.64, 120366.269 487132.427, 120343.605 487123.316, 120310.868 487109.553, 120288.203 487100.442, 120274.256 487094.433, 120279.356 487087.313, 120280.961 487089.039, 120295.479 487095.157, 120316.656 487103.983, 120380.187 487130.731, 120401.274 487139.647, 120424.869 487149.558, 120425.913 487148.775, 120429.96 487138.877, 120429.726 487137.534, 120419.238 487132.074, 120411.283 487128.841, 120387.302 487118.428, 120371.991 487112.359, 120352.525 487104.163, 120330.372 487095.005, 120315.098 487088.454, 120286.881 487076.95, 120283.483 487077.451, 120285.262 487067.157, 120433.715 487129.707, 120440.24 487133.21, 120485.222 487152.145, 120535.752 487173.259, 120554.386 487181.251, 120561.879 487184.262, 120578.723 487191.351, 120596.317 487199.054, 120613.911 487206.688, 120628.914 487213.232, 120630.619 487213.368, 120630.221 487220.949, 120600.464 487208.546, 120557.995 487190.845, 120551.513 487188.144, 120438.056 487140.856, 120436.858 487141.732, 120432.815 487151.662, 120433.012 487153.099, 120547.822 487200.619, 120553.956 487203.158, 120595.537 487220.369, 120629.328 487234.356, 120629.563 487234.448, 120629.807 487234.514, 120630.056 487234.555, 120630.308 487234.57, 120630.56 487234.558, 120630.81 487234.52, 120632.911 487244.75, 120576.4 487220.665, 120571.669 487218.649, 120551.162 487209.909))','De Zuid-Europese sierboom','3594','Naamgeving uitgegeven',8,'2019-06-28','21598','LAURIERGR','1',false,'1','GV00001729',NULL,NULL,NULL),
	 ('0363300000004461','2014-01-10',NULL,'Weg','Sarphatistraat','Sarphatistraat','SRID=28992;POLYGON ((123351.307 486570.348, 123356.192 486567.402, 123346.426 486551.067, 123350.412 486549.11, 123369.59 486581.317, 123396.894 486592.696, 123397.092 486596.515, 123404.59 486596.452, 123409.588 486598.833, 123413.187 486598.637, 123420.559 486598.237, 123364.018 486541.582, 123330.913 486508.41, 123327.223 486512.409, 123326.592 486514.83, 123326.382 486517.776, 123326.066 486524.511, 123325.435 486529.668, 123323.753 486533.035, 123322.07 486535.456, 123313.339 486547.183, 123307.727 486545.223, 123306.41 486544.753, 123313.758 486535.647, 123311.407 486537.057, 123309.432 486537.904, 123307.362 486538.844, 123303.883 486539.503, 123300.027 486539.785, 123286.16 486539.013, 123288.382 486533.205, 123301.343 486534.048, 123303.977 486533.484, 123306.892 486532.637, 123310.106 486531.279, 123316.294 486525.684, 123317.484 486523.304, 123318.079 486520.566, 123318.317 486517.113, 123318.674 486513.542, 123318.831 486512.916, 123319.269 486511.161, 123320.459 486508.424, 123321.989 486506.511, 123322.839 486505.448, 123325.219 486502.829, 123323.939 486501.422, 123306.454 486484.259, 123306.251 486484.06, 123274.561 486452.008, 123246.906 486424.63, 123223.116 486401.17, 123214.189 486393.03, 123214.119 486393.111, 123206.391 486386.432, 123196.014 486378.429, 123190.77 486374.62, 123171.45 486362.421, 123145.924 486346.803, 123136.885 486341.259, 123123.396 486332.987, 123119.672 486330.561, 123115.903 486327.719, 123112.09 486324.479, 123111.108 486323.64, 123109.716 486322.352, 123108.169 486321.521, 123106.775 486321.221, 123104.908 486321.043, 123103.397 486321.665, 123102.242 486322.643, 123098.992 486326.223, 123076.019 486310.732, 123082.864 486294.376, 123083.308 486293.043, 123083.219 486291.799, 123082.597 486290.732, 123064.019 486277.399, 122999.258 486256.143, 122935.359 486235.529, 122913.469 486228.844, 122888.239 486220.049, 122814.499 486195.843, 122797.245 486190.179, 122792.521 486188.629, 122727.841 486167.397, 122716.24 486163.314, 122610.47 486128.246, 122609.398 486131.817, 122593.213 486126.698, 122568.779 486113.779, 122413.229 486062.129, 122383.931 486052.401, 122292.829 486022.13, 122169.29 485981.221, 122134.227 485969.208, 122123.62 485959.481, 122086.888 485948.287, 122070.227 485943.21, 122042.662 485934.81, 122027.196 485930.862, 122022.089 485948.22, 122018.258 485947.07, 121986.472 485937.533, 121898.734 485914.314, 121909.204 485870.679, 121909.453 485869.642, 121923.685 485873.077, 121927.574 485874.016, 121943.515 485877.863, 121947.92 485879.036, 121997.468 485891.184, 122002.495 485892.337, 122037.364 485900.861, 122048.077 485904.236, 122051.456 485905.161, 122047.915 485917.165, 122075.739 485925.661, 122092.583 485930.805, 122128.436 485941.753, 122141.562 485945.88, 122159.597 485951.551, 122160.942 485946.592, 122167.557 485948.786, 122181.607 485953.447, 122181.896 485953.545, 122187.399 485955.4, 122197.409 485958.719, 122258.879 485979.099, 122270.159 485982.899, 122293.545 485990.81, 122299.729 485992.839, 122336.969 486005.149, 122387.358 486021.776, 122393.619 486023.976, 122646.597 486107.888, 122670.007 486113.367, 122672.762 486114.535, 122699.444 486123.3, 122705.098 486125.157, 122708.923 486126.329, 122712.718 486127.593, 122727.899 486132.649, 122728.854 486129.764, 122746.864 486135.724, 122745.909 486138.609, 122773.842 486147.525, 122774.714 486144.654, 122793.225 486150.563, 122792.205 486153.854, 122807.731 486158.823, 122812.866 486160.175, 122814.544 486160.617, 122822.285 486162.655, 122826.41 486164.98, 122908.216 486191.974, 122918.388 486195.208, 122922.201 486196.421, 122927.289 486198.039, 122943.259 486203.152, 122953.566 486206.409, 122969.7 486211.99, 122972.594 486213.08, 122972.003 486215.573, 122973.24 486218.873, 122999.536 486227.674, 123011.958 486231.706, 123078.49 486253.299, 123090.358 486257.846, 123110.117 486272.187, 123123.806 486294.465, 123126.834 486307.4, 123134.915 486312.637, 123138.965 486315.261, 123147.194 486320.593, 123156.119 486326.347, 123172.019 486339.769, 123187.267 486349.974, 123192.416 486353.42, 123202.535 486359.844, 123230.529 486378.089, 123244.059 486391.399, 123250.248 486401.868, 123293.07 486445.324, 123325.168 486476.881, 123334.11 486485.672, 123347.9 486499.23, 123350.752 486502.034, 123363.783 486514.846, 123448.779 486598.999, 123464.162 486600.315, 123491.932 486622.318, 123495.76 486625.55, 123528.429 486651.149, 123545.222 486678.008, 123560.623 486697.358, 123555.242 486699.588, 123547.297 486702.881, 123540.312 486705.776, 123534.923 486708.009, 123519.317 486688.736, 123510.763 486678.015, 123499.626 486669.924, 123491.839 486665.363, 123469.218 486648.532, 123453.414 486636.429, 123449.979 486633.736, 123444.984 486629.822, 123439.989 486625.907, 123432.958 486612.144, 123423.078 486601.469, 123417.244 486601.809, 123418.44 486618.454, 123414.199 486618.629, 123413.479 486606.03, 123402.052 486606.68, 123401.322 486600.231, 123393.309 486600.788, 123393.03 486595.419, 123375.43 486588.18, 123373.34 486589.76, 123361.756 486594.472, 123355.381 486583.442, 123358.289 486581.796, 123351.307 486570.348))','Samuel Sarphati (1813-1866), Amsterdams arts en apotheker met veel relaties in bankierskringen. Heeft veel voor de stad gedaan. Zo maakte hij onder andere plannen tot uitbreiding van de stad rond het Frederiksplein en buiten de Singelgracht, waartoe hij in 1864 de Nederlandsche Bouwmaatschappij oprichtte. Van de verenigingen en gebouwen die door zijn toedoen tot stand kwamen, kunnen worden genoemd: de Maatschappij voor Landbouw (1848), de Vereeniging voor Volksvlijt (1852) met het door haar gebouwde Paleis voor Volksvlijt (1864), de Handelsschool, de Nationale Hypotheekbank, het Amstel Hotel (1866). Voordat het Sarphatipark benoemd werd, vormden de rondliggende straten gedeelten van de Ceintuurbaan, Jan Steenstraat, Van der Helststraat en Sweelinckstraat. De Sarphatistraat komt oorspronkelijk voor onder de naam Schans.','3594','Naamgeving uitgegeven',8,'2019-06-28','31917','SARPHATISTR','1',false,'1','GV00001729',NULL,NULL,NULL),
	 ('0363300000004690','2014-01-10',NULL,'Weg','Nieuwezijds Voorburgwal','Nieuwezijds Voorburgwal','SRID=28992;POLYGON ((121096.939 486996.611, 121095.579 486991.737, 121087.078 486967.263, 121082.73 486943.932, 121080.291 486920.602, 121079.231 486897.058, 121099.625 486897.676, 121099.768 486929.577, 121101.65 486943.265, 121102.16 486946.978, 121105.553 486957.285, 121109.297 486968.379, 121112.69 486979.414, 121124.686 487006.092, 121135.324 487028.225, 121148.169 487055.388, 121155.56 487070.424, 121156.772 487072.728, 121159.074 487075.396, 121160.137 487077.373, 121161.782 487085.305, 121170.609 487095.42, 121175.787 487103.317, 121182.887 487112.963, 121186.601 487114.234, 121194.675 487115.785, 121199.145 487094.841, 121206.379 487094.929, 121205.265 487125.71, 121203.944 487162.18, 121203.877 487164.482, 121207.599 487165.722, 121220.387 487170.396, 121231.665 487174.469, 121246.918 487180.127, 121241.192 487197.679, 121254.171 487202.544, 121249.495 487212.37, 121245.391 487210.939, 121247.109 487204.834, 121236.038 487200.446, 121241.478 487183.561, 121218.669 487175.453, 121206.167 487171.064, 121203.877 487170.396, 121203.732 487172.785, 121203.724 487176.076, 121203.702 487184.912, 121203.58 487233.558, 121203.344 487238.444, 121201.618 487281.992, 121201.454 487286.121, 121200.87 487300.856, 121201.979 487329.41, 121202.933 487356.683, 121199.154 487356.923, 121200.07 487382.317, 121203.816 487382.144, 121204.77 487409.53, 121219.024 487431.21, 121216.609 487437.803, 121221.15 487439.572, 121219.372 487444.519, 121214.767 487442.832, 121212.4 487449.293, 121218.396 487451.489, 121216.641 487456.282, 121215.979 487458.089, 121221.629 487467.319, 121230.829 487477.189, 121242.341 487481.127, 121244.244 487490.005, 121245.868 487495.693, 121252.093 487507.592, 121255.261 487513.667, 121274.006 487546.838, 121277.326 487551.459, 121284.387 487564.421, 121292.501 487577.541, 121298.015 487583.415, 121315.326 487604.707, 121320.679 487610.978, 121325.751 487617.006, 121342.548 487634.94, 121349.038 487641.904, 121358.01 487651.919, 121364.943 487657.617, 121367.765 487660.922, 121382.502 487678.178, 121403.859 487703.187, 121418 487715.869, 121418.134 487718.823, 121421.163 487718.706, 121425.714 487722.788, 121433.567 487722.403, 121432.732 487729.879, 121449.999 487747.303, 121456.059 487752.859, 121465.653 487759.678, 121472.68 487764.622, 121477.772 487768.775, 121485.697 487776.288, 121487.649 487779.571, 121498.343 487791.398, 121502.755 487802.664, 121503.766 487804.341, 121503.945 487804.628, 121504.243 487805.136, 121504.402 487805.454, 121506.444 487808.495, 121509.334 487813.408, 121510.783 487815.907, 121512.675 487818.658, 121514.265 487821.363, 121516.174 487823.908, 121517.195 487825.723, 121517.606 487826.454, 121519.038 487828.681, 121520.311 487830.908, 121521.742 487833.135, 121524.288 487837.59, 121525.72 487839.817, 121526.833 487842.044, 121529.913 487848.417, 121535.964 487851.728, 121538.699 487857.119, 121536.669 487860.539, 121504.369 487851.39, 121482.981 487826.684, 121482.609 487826.225, 121480.442 487823.553, 121464.643 487807.503, 121449.999 487792.626, 121427.63 487775.31, 121423.67 487772.24, 121419.854 487768.651, 121416.418 487764.773, 121412.098 487760.339, 121407.432 487756.025, 121401.662 487749.999, 121386.371 487734.749, 121378.965 487727.747, 121368.22 487717.589, 121358.685 487707.858, 121345.038 487692.513, 121336.157 487683.251, 121325.163 487669.562, 121322.057 487665.706, 121318.485 487661.719, 121302.474 487643.849, 121283.578 487623.435, 121274.702 487612.846, 121260.196 487594.817, 121254.513 487585.929, 121249.405 487576.085, 121242.406 487562.644, 121240.134 487559.045, 121216.195 487512.582, 121199.642 487483.636, 121197.505 487477.905, 121185.3 487454.254, 121163.883 487384.826, 121157.266 487358.857, 121159.986 487336.175, 121160.22 487331.484, 121161.285 487310.163, 121165.332 487290.482, 121166.413 487257.608, 121166.683 487252.653, 121167.224 487240.855, 121166.503 487206, 121154.794 487196.681, 121154.321 487194.316, 121147.834 487148.202, 121143.274 487129.75, 121135.405 487106.609, 121126.374 487083.087, 121122.032 487070.606, 121118.066 487062.824, 121096.939 486996.611), (121189.13 487141.519, 121183.213 487142.187, 121183.771 487145.983, 121189.607 487145.335, 121189.13 487141.519))','Voor het ontstaan van de naam zie Oudezijds Voorburgwal. De Nieuwezijds Voorburgwal is gedempt in 1884. Voor de demping hebben enkele gedeelten niet-officieel namen gedragen van de ter plaatse gehouden markten: Pijpenmarkt, Boommarkt, Bloemmarkt en Postzegelmarkt.','3594','Naamgeving uitgegeven',8,'2019-06-28','26298','NIEUWEZ VOORBURGW','1',false,'1','GV00001729',NULL,NULL,NULL),
	 ('0363300000005060','2014-01-10',NULL,'Weg','Suikerbakkerssteeg','Suikerbakkerssteeg','SRID=28992;POLYGON ((121383.08 487627.259, 121394.473 487628.535, 121418.629 487632.058, 121418.48 487634.549, 121392.375 487631.59, 121390.953 487644.513, 121381.2 487644.766, 121349.038 487641.904, 121342.548 487634.94, 121351.424 487635.417, 121375.092 487637.897, 121377.287 487611.854, 121384.54 487612.045, 121383.08 487627.259))','Naar een hier in de zestiende eeuw gevestigde suikerbakkerij. Een gevelsteen met drie suikerbroden aan de Nieuwe Nieuwstraat herinnert nog aan deze bakkerij.','3594','Naamgeving uitgegeven',8,'2019-06-28','34746','SUIKERBAKKERSSTG','1',false,'1','GV00001729',NULL,NULL,NULL);



--
-- Data for Name: bag_pand; Type: TABLE DATA; Schema: public; Owner: iiif_metadata_server
--
INSERT INTO public.bag_pand (identificatie,begingeldigheid,eindgeldigheid,geometrie,naam,ligtinbouwblokid,aantalbouwlagen,liggingomschrijving,typewoonobject,statusomschrijving,volgnummer,registratiedatum,geconstateerd,statuscode,liggingcode,ligtinbuurtid,heeftdossierid,bagprocescode,bagprocesomschrijving,plusvolgnummer) VALUES
	 ('0363100012143649','2023-07-22',NULL,'SRID=28992;POLYGON ((124645.096 487175.512, 124644.259 487180.34, 124644.357 487180.357, 124644.227 487181.096, 124630.993 487178.771, 124633.241 487165.971, 124646.357 487168.276, 124645.096 487175.512))',NULL,'03630012099080',NULL,'Hoekgebouw','Meerdere woningen','Pand in gebruik',9,'2023-07-22',false,'11','4','03630980000326','GV00007088','162','Correctie naar aanleiding van signalering',NULL),
	 ('0363100012146344','2023-07-22',NULL,'SRID=28992;POLYGON ((124569.032 487167.874, 124563.732 487166.948, 124565.377 487157.583, 124570.683 487158.52, 124569.032 487167.874))',NULL,'03630012099080',NULL,'Tussengebouw','Eén woning','Pand in gebruik',9,'2023-07-23',false,'11','3','03630980000326','GV00007088','162','Correctie naar aanleiding van signalering',NULL),
	 ('0363100012072223','2023-07-22',NULL,'SRID=28992;POLYGON ((124577.721 487140.232, 124574.028 487139.58, 124574.158 487138.842, 124575.809 487129.486, 124581.13 487130.42, 124579.959 487137.073, 124578.327 487136.786, 124577.721 487140.232))',NULL,'03630012099080',NULL,'Tussengebouw','Eén woning','Pand in gebruik',9,'2023-07-22',false,'11','3','03630980000326','GV00007088','162','Correctie naar aanleiding van signalering',NULL),
	 ('0363100012101298','2023-07-22',NULL,'SRID=28992;POLYGON ((124651.698 487177.033, 124650.825 487182.003, 124650.9 487182.03, 124650.87 487182.269, 124645.752 487181.359, 124645.883 487180.621, 124646.365 487180.707, 124647.226 487175.883, 124650.716 487155.845, 124652.945 487143.051, 124657.602 487143.871, 124657.571 487144.111, 124657.482 487144.1, 124656.521 487149.569, 124651.698 487177.033))',NULL,'03630012099080',NULL,'Hoekgebouw','Eén woning','Pand in gebruik',9,'2023-07-22',false,'11','4','03630980000326','GV00007088','162','Correctie naar aanleiding van signalering',NULL),
	 ('0363100012168268','2023-09-28',NULL,'SRID=28992;POLYGON ((121346.416 487637.913, 121344.939 487637.227, 121343.282 487636.027, 121342.723 487635.622, 121342.681 487635.581, 121341.254 487634.179, 121341.219 487634.11, 121337.584 487630.117, 121337.378 487629.899, 121328.161 487620.167, 121328.078 487620.256, 121327.873 487620.037, 121326.506 487618.579, 121326.3 487618.36, 121326.279 487618.209, 121326.221 487618.141, 121334.279 487610.569, 121349.791 487610.738, 121349.793 487610.672, 121381.106 487611.553, 121380.259 487620.479, 121378.509 487639.219, 121378.332 487639.245, 121374.77 487640.802, 121374.64 487640.92, 121361.796 487639.537, 121361.793 487639.593, 121353.11 487638.67, 121352.718 487638.688, 121351.724 487638.583, 121351.735 487638.484, 121350.143 487638.313, 121350.133 487638.411, 121346.87 487638.062, 121346.851 487638.115, 121346.416 487637.913), (121368.094 487621.554, 121367.542 487627.081, 121371.522 487627.478, 121372.074 487621.951, 121368.094 487621.554))',NULL,'03630012096372',NULL,'Hoekgebouw',NULL,'Pand in gebruik',6,'2023-09-28',false,'11','4','03630980000044',NULL,'162','Correctie naar aanleiding van signalering',NULL),
	 ('0363100012168549','2023-09-28',NULL,'SRID=28992;POLYGON ((120362.94 487302.39, 120354.751 487299.132, 120346.982 487296.042, 120349.158 487290.242, 120349.957 487288.11, 120350.619 487286.346, 120354.857 487288.032, 120355.27 487287.045, 120367.35 487291.85, 120362.94 487302.39))',NULL,'03630012100273',NULL,'Tussengebouw','Meerdere woningen','Pand in gebruik',7,'2023-09-28',false,'11','3','03630980000034',NULL,'162','Correctie naar aanleiding van signalering',NULL),
	 ('0363100012116749','2023-07-22',NULL,'SRID=28992;POLYGON ((124595.644 487172.556, 124590.32 487171.617, 124591.5 487164.921, 124596.823 487165.857, 124595.644 487172.556))',NULL,'03630012099080',NULL,'Tussengebouw','Eén woning','Pand in gebruik',9,'2023-07-22',false,'11','3','03630980000326','GV00007088','162','Correctie naar aanleiding van signalering',NULL),
	 ('0363100012099768','2023-10-15',NULL,'SRID=28992;POLYGON ((124637.746 487140.375, 124637.84 487140.392, 124637.707 487141.141, 124637.613 487141.124, 124636.791 487145.77, 124636.666 487146.476, 124633.241 487165.971, 124630.993 487178.771, 124626.55 487177.991, 124621.48 487177.1, 124621.61 487176.361, 124622.093 487176.446, 124622.942 487171.62, 124626.719 487151.637, 124628.965 487138.831, 124633.562 487139.637, 124637.091 487140.259, 124637.746 487140.375))',NULL,'03630012099080',NULL,'Tussengebouw','Meerdere woningen','Pand in gebruik',7,'2024-01-31',false,'11','3','03630980000326',NULL,'162','Correctie naar aanleiding van signalering',NULL),
	 ('0363100012092662','2023-07-22',NULL,'SRID=28992;POLYGON ((124574.364 487168.812, 124569.032 487167.874, 124570.683 487158.52, 124570.813 487157.782, 124574.506 487158.434, 124574.645 487157.646, 124576.286 487157.936, 124574.364 487168.812))',NULL,'03630012099080',NULL,'Tussengebouw','Eén woning','Pand in gebruik',9,'2023-07-22',false,'11','3','03630980000326','GV00007088','162','Correctie naar aanleiding van signalering',NULL),
	 ('0363100012078109','2023-07-22',NULL,'SRID=28992;POLYGON ((124590.32 487171.617, 124584.996 487170.682, 124586.175 487163.985, 124591.5 487164.921, 124590.32 487171.617))',NULL,'03630012099080',NULL,'Tussengebouw','Meerdere woningen','Pand in gebruik',9,'2023-07-22',false,'11','3','03630980000326','GV00007088','162','Correctie naar aanleiding van signalering',NULL),
	 ('0363100012131590','2023-07-22',NULL,'SRID=28992;POLYGON ((124592.02 487161.967, 124591.5 487164.921, 124586.175 487163.985, 124584.996 487170.682, 124574.364 487168.812, 124576.286 487157.936, 124579.213 487141.308, 124577.582 487141.02, 124577.721 487140.232, 124578.327 487136.786, 124579.959 487137.073, 124581.13 487130.42, 124591.755 487132.289, 124590.576 487138.987, 124595.904 487139.924, 124595.384 487142.879, 124591.928 487142.271, 124591.668 487143.747, 124589.796 487143.418, 124586.955 487159.554, 124588.825 487159.883, 124588.566 487161.359, 124592.02 487161.967))',NULL,'03630012099080',NULL,'Tussengebouw','Meerdere woningen','Pand in gebruik',9,'2023-07-22',false,'11','3','03630980000326','GV00007088','162','Correctie naar aanleiding van signalering',NULL),
	 ('0363100012152240','2023-07-22',NULL,'SRID=28992;POLYGON ((124620.824 487171.25, 124619.987 487176.078, 124620.085 487176.095, 124619.955 487176.834, 124606.732 487174.507, 124608.984 487161.704, 124622.097 487164.01, 124620.824 487171.25))',NULL,'03630012099080',NULL,'Tussengebouw','Meerdere woningen','Pand in gebruik',12,'2024-01-31',false,'11','3','03630980000326','GV00007088','145','Samenvoegen verblijfsobjecten',NULL),
	 ('0363100012147352','2023-07-22',NULL,'SRID=28992;POLYGON ((124574.158 487138.842, 124568.833 487137.902, 124570.475 487128.549, 124575.809 487129.486, 124574.158 487138.842))',NULL,'03630012099080',NULL,'Tussengebouw','Meerdere woningen','Pand in gebruik',9,'2023-07-23',false,'11','3','03630980000326','GV00007088','162','Correctie naar aanleiding van signalering',NULL),
	 ('0363100012181226','2023-09-21',NULL,'SRID=28992;POLYGON ((122745.885 486995.103, 122745.716 486995.195, 122745.639 486995.059, 122744.889 486995.479, 122744.939 486995.569, 122744.735 486995.686, 122743.512 486996.387, 122743.299 486996.509, 122743.249 486996.419, 122742.509 486996.839, 122742.599 486996.999, 122742.409 486997.109, 122734.909 486984.079, 122733.864 486982.264, 122737.342 486980.262, 122739.226 486983.533, 122745.885 486995.103))',NULL,'03630012100190',NULL,'Tussengebouw','Meerdere woningen','Pand in gebruik',12,'2023-09-21',false,'11','3','03630980000086',NULL,'162','Correctie naar aanleiding van signalering',NULL),
	 ('0363100012174716','2023-09-28',NULL,'SRID=28992;POLYGON ((120403.078 487178.873, 120402.113 487181.074, 120403.207 487181.505, 120401.309 487186.323, 120392.343 487182.673, 120397.844 487168.86, 120402.629 487170.819, 120406.006 487172.202, 120404.119 487176.501, 120403.078 487178.873))',NULL,'03630012100267',NULL,'Anders',NULL,'Pand in gebruik',14,'2023-11-23',false,'11','99','03630980000034',NULL,'162','Correctie naar aanleiding van signalering',NULL),
	 ('0363100012083329','2023-07-22',NULL,'SRID=28992;POLYGON ((124626.719 487151.637, 124613.308 487149.285, 124614.371 487143.236, 124615.431 487137.204, 124614.952 487137.12, 124615.073 487136.395, 124628.965 487138.831, 124626.719 487151.637))',NULL,'03630012099080',NULL,'Tussengebouw','Meerdere woningen','Pand in gebruik',11,'2024-01-31',false,'11','3','03630980000326','GV00007088','145','Samenvoegen verblijfsobjecten',NULL),
	 ('0363100012181019','2021-08-10',NULL,'SRID=28992;POLYGON ((122475.852 486096.744, 122475.648 486097.359, 122475.051 486099.112, 122468.869 486097.069, 122468.897 486096.984, 122469.654 486094.695, 122473.77 486082.246, 122479.46 486084.146, 122479.489 486084.049, 122479.992 486084.219, 122479.949 486084.34, 122475.852 486096.744))',NULL,'03630012100507',6,'Tussengebouw','Meerdere woningen','Pand in gebruik',19,'2021-08-10',false,'11','3','03630980000078','GV00006270','107','Beschikbaar komen ingemeten geometrie',NULL),
	 ('0363100012168986','2023-09-28',NULL,'SRID=28992;POLYGON ((120401.638 487159.559, 120399.618 487158.722, 120394.158 487171.947, 120375.962 487164.409, 120379.621 487155.546, 120385.767 487158.092, 120387.492 487153.914, 120381.346 487151.368, 120381.716 487150.471, 120380.247 487149.862, 120384.297 487140.054, 120385.527 487140.564, 120394.207 487144.16, 120397.09 487145.354, 120403.783 487148.127, 120405.745 487148.94, 120405.937 487149.02, 120401.638 487159.559), (120395.789 487162.244, 120397.514 487158.066, 120393.342 487156.338, 120391.617 487160.515, 120395.789 487162.244))',NULL,'03630012100267',NULL,'Tussengebouw','Meerdere woningen','Pand in gebruik',19,'2023-11-23',false,'11','3','03630980000034',NULL,'162','Correctie naar aanleiding van signalering',NULL),
	 ('0363100012121323','2023-07-22',NULL,'SRID=28992;POLYGON ((124551.556 487164.809, 124550.507 487164.624, 124553.903 487145.446, 124554.908 487145.622, 124567.103 487147.756, 124565.377 487157.583, 124563.732 487166.948, 124551.556 487164.809))',NULL,'03630012099080',NULL,'Hoekgebouw','Meerdere woningen','Pand in gebruik',10,'2023-07-22',false,'11','4','03630980000326','GV00007088','162','Correctie naar aanleiding van signalering',NULL),
	 ('0363100012073762','2023-10-15',NULL,'SRID=28992;POLYGON ((124613.479 487136.111, 124613.556 487136.124, 124613.431 487136.868, 124613.349 487136.854, 124612.536 487141.5, 124612.296 487142.871, 124608.984 487161.704, 124606.732 487174.507, 124595.644 487172.556, 124596.823 487165.857, 124591.5 487164.921, 124592.02 487161.967, 124595.472 487162.574, 124595.732 487161.097, 124597.602 487161.426, 124600.44 487145.29, 124598.569 487144.961, 124598.829 487143.485, 124595.384 487142.879, 124595.904 487139.924, 124601.219 487140.859, 124602.397 487134.16, 124609.29 487135.378, 124612.812 487135.999, 124613.479 487136.111))',NULL,'03630012099080',NULL,'Tussengebouw','Meerdere woningen','Pand in gebruik',6,'2023-10-15',false,'11','3','03630980000326',NULL,'162','Correctie naar aanleiding van signalering',NULL),
	 ('0363100012076352','2023-07-22',NULL,'SRID=28992;POLYGON ((124650.716 487155.845, 124637.556 487153.537, 124638.736 487146.841, 124639.683 487141.466, 124639.212 487141.383, 124639.353 487140.658, 124641.584 487141.051, 124652.945 487143.051, 124650.716 487155.845))',NULL,'03630012099080',NULL,'Hoekgebouw','Meerdere woningen','Pand in gebruik',9,'2023-07-22',false,'11','4','03630980000326','GV00007088','162','Correctie naar aanleiding van signalering',NULL),
	 ('0363100012179564','2023-09-28',NULL,'SRID=28992;POLYGON ((121326.221 487618.141, 121324.68 487616.338, 121323.774 487615.277, 121322.184 487613.418, 121321.599 487612.734, 121320.279 487611.189, 121320.699 487610.88, 121328.76 487610.523, 121334.279 487610.569, 121326.221 487618.141))','Makelaars Comptoir','03630012096372',NULL,'Hoekgebouw',NULL,'Pand in gebruik',9,'2023-09-28',false,'11','4','03630980000044',NULL,'162','Correctie naar aanleiding van signalering',NULL),
	 ('0363100012126434','2023-07-22',NULL,'SRID=28992;POLYGON ((124595.904 487139.924, 124597.083 487133.228, 124602.397 487134.16, 124601.219 487140.859, 124595.904 487139.924))',NULL,'03630012099080',NULL,'Tussengebouw','Eén woning','Pand in gebruik',9,'2023-07-22',false,'11','3','03630980000326','GV00007088','162','Correctie naar aanleiding van signalering',NULL),
	 ('0363100012138795','2023-07-22',NULL,'SRID=28992;POLYGON ((124595.904 487139.924, 124590.576 487138.987, 124591.755 487132.289, 124597.083 487133.228, 124595.904 487139.924))',NULL,'03630012099080',NULL,'Tussengebouw','Meerdere woningen','Pand in gebruik',9,'2023-07-22',false,'11','3','03630980000326','GV00007088','162','Correctie naar aanleiding van signalering',NULL),
	 ('0363100012174711','2023-09-28',NULL,'SRID=28992;POLYGON ((120365.982 487176.909, 120364.106 487176.157, 120360.655 487174.773, 120360.598 487174.729, 120362.233 487170.654, 120361.88 487170.513, 120364.17 487164.806, 120360.6 487163.374, 120363.057 487157.423, 120371.309 487160.842, 120366.546 487175.505, 120365.982 487176.909))',NULL,'03630012100267',NULL,'Anders',NULL,'Pand in gebruik',10,'2023-09-28',false,'11','99','03630980000034',NULL,'162','Correctie naar aanleiding van signalering',NULL),
	 ('0363100012115768','2023-07-22',NULL,'SRID=28992;POLYGON ((124558.303 487126.418, 124570.475 487128.549, 124568.833 487137.902, 124567.103 487147.756, 124554.908 487145.622, 124553.903 487145.446, 124554.162 487143.985, 124554.301 487144.01, 124556.908 487129.177, 124556.789 487129.156, 124557.305 487126.244, 124558.303 487126.418))',NULL,'03630012099080',NULL,'Hoekgebouw','Meerdere woningen','Pand in gebruik',9,'2023-07-22',false,'11','4','03630980000326','GV00007088','162','Correctie naar aanleiding van signalering',NULL);



--
-- Data for Name: bag_verblijfsobject; Type: TABLE DATA; Schema: public; Owner: iiif_metadata_server
--
INSERT INTO public.bag_verblijfsobject (identificatie,begingeldigheid,eindgeldigheid,oppervlakte,verdiepingtoegang,aantaleenhedencomplex,aantalbouwlagen,aantalkamers,geconstateerd,geometrie,ligtinbuurtid,gebruiksdoelgezondheidszorgfunctieomschrijving,gebruiksdoelwoonfunctieomschrijving,hoogstebouwlaag,laagstebouwlaag,statusomschrijving,redenafvoeromschrijving,redenopvoeromschrijving,eigendomsverhoudingomschrijving,feitelijkgebruikomschrijving,volgnummer,registratiedatum,cbsnummer,indicatiewoningvoorraad,financieringscodecode,financieringscodeomschrijving,heefthoofdadresid,statuscode,gebruiksdoelwoonfunctiecode,gebruiksdoelgezondheidszorgfunctiecode,eigendomsverhoudingcode,feitelijkgebruikcode,redenopvoercode,redenafvoercode,heeftdossierid,bagprocescode,bagprocesomschrijving,plusvolgnummer) VALUES
	 ('0363010000979486','2017-03-31',NULL,118,'1',NULL,3,4,false,'SRID=28992;POINT (124580 487167)','03630980000326',NULL,NULL,NULL,NULL,'Verblijfsobject in gebruik',NULL,'Mutatie',NULL,'woning',10,'2023-06-20',NULL,'J','500','Ongesubsidieerde bouw (500)','0363200000461902',4,NULL,NULL,NULL,'1800','11',NULL,'GV00003372',NULL,NULL,NULL),
	 ('0363010000979510','2021-08-10',NULL,205,'0',NULL,NULL,NULL,false,'SRID=28992;POINT (124618 487173)','03630980000326',NULL,NULL,NULL,NULL,'Verblijfsobject in gebruik',NULL,NULL,NULL,'woning',10,'2023-06-20',NULL,'N',NULL,NULL,'0363200000461936',4,NULL,NULL,NULL,'1800',NULL,NULL,'GV00006202','100','Muteren naar aanleiding van signalering',NULL),
	 ('0363010012063432','2019-01-18',NULL,100,'0',NULL,1,NULL,false,'SRID=28992;POINT (120397.999 487150.01)','03630980000034',NULL,NULL,0,0,'Verblijfsobject in gebruik',NULL,'Correctie opvoer',NULL,'kantoor in bedrijfsverzamelgebouw',8,'2019-01-18',NULL,'N',NULL,NULL,'0363200012063559',4,NULL,NULL,NULL,'3142','21',NULL,'GV00004194','100','Muteren naar aanleiding van signalering',NULL),
	 ('0363010012087760','2014-02-24',NULL,181,'0',NULL,3,5,false,'SRID=28992;POINT (122475 486087)','03630980000078',NULL,NULL,1,-1,'Verblijfsobject in gebruik',NULL,'Ontstaan door samenvoeging',NULL,'woning',12,'2023-06-20',NULL,'J','500','Ongesubsidieerde bouw (500)','0363200012089105',4,NULL,NULL,NULL,'1800','32',NULL,'SA00116271','111','Kleine verbouwing object',NULL),
	 ('0363010000979377','2021-08-10',NULL,213,'0',NULL,NULL,NULL,false,'SRID=28992;POINT (124559 487133)','03630980000326',NULL,NULL,NULL,NULL,'Verblijfsobject in gebruik',NULL,'Mutatie',NULL,'café / bar / restaurant',9,'2023-06-20',NULL,'N',NULL,NULL,'0363200000461990',4,NULL,NULL,NULL,'3122','11',NULL,'GV00006202',NULL,NULL,NULL),
	 ('0363010012063414','2019-01-18',NULL,222,'1',NULL,1,NULL,false,'SRID=28992;POINT (120394.825 487148.631)','03630980000034',NULL,NULL,1,1,'Verblijfsobject in gebruik',NULL,'Correctie opvoer',NULL,'kantoor in bedrijfsverzamelgebouw',8,'2019-01-18',NULL,'N',NULL,NULL,'0363200012063541',4,NULL,NULL,NULL,'3142','21',NULL,'GV00004194','100','Muteren naar aanleiding van signalering',NULL),
	 ('0363010012063435','2019-01-18',NULL,68,'0',NULL,1,NULL,false,'SRID=28992;POINT (120397.161 487148.096)','03630980000034',NULL,NULL,0,0,'Verblijfsobject in gebruik',NULL,'Correctie opvoer',NULL,'kantoor in bedrijfsverzamelgebouw',8,'2019-01-18',NULL,'N',NULL,NULL,'0363200012063562',4,NULL,NULL,NULL,'3142','21',NULL,'GV00004194','100','Muteren naar aanleiding van signalering',NULL),
	 ('0363010000959533','2017-03-31',NULL,93,'0',NULL,2,4,false,'SRID=28992;POINT (124626 487141)','03630980000326',NULL,NULL,NULL,NULL,'Verblijfsobject in gebruik',NULL,'Mutatie',NULL,'woning',9,'2023-06-20',NULL,'J','500','Ongesubsidieerde bouw (500)','0363200000461970',4,NULL,NULL,NULL,'1800','11',NULL,'GV00003372',NULL,NULL,NULL),
	 ('0363010000937390','2010-09-09',NULL,29,'3',NULL,1,2,false,'SRID=28992;POINT (120362 487293)','03630980000034',NULL,NULL,NULL,NULL,'Verblijfsobject in gebruik',NULL,NULL,NULL,'woning',7,'2023-06-20',NULL,'J','500','Ongesubsidieerde bouw (500)','0363200000016562',4,NULL,NULL,NULL,'1800',NULL,NULL,'GV00000406',NULL,NULL,NULL),
	 ('0363010000979482','2017-03-31',NULL,82,'1',NULL,2,3,false,'SRID=28992;POINT (124572 487166)','03630980000326',NULL,NULL,NULL,NULL,'Verblijfsobject in gebruik',NULL,'Mutatie',NULL,'woning',9,'2023-06-20',NULL,'J','375','Premiewoningen (375)','0363200000461899',4,NULL,NULL,NULL,'1800','11',NULL,'GV00003372',NULL,NULL,NULL);
INSERT INTO public.bag_verblijfsobject (identificatie,begingeldigheid,eindgeldigheid,oppervlakte,verdiepingtoegang,aantaleenhedencomplex,aantalbouwlagen,aantalkamers,geconstateerd,geometrie,ligtinbuurtid,gebruiksdoelgezondheidszorgfunctieomschrijving,gebruiksdoelwoonfunctieomschrijving,hoogstebouwlaag,laagstebouwlaag,statusomschrijving,redenafvoeromschrijving,redenopvoeromschrijving,eigendomsverhoudingomschrijving,feitelijkgebruikomschrijving,volgnummer,registratiedatum,cbsnummer,indicatiewoningvoorraad,financieringscodecode,financieringscodeomschrijving,heefthoofdadresid,statuscode,gebruiksdoelwoonfunctiecode,gebruiksdoelgezondheidszorgfunctiecode,eigendomsverhoudingcode,feitelijkgebruikcode,redenopvoercode,redenafvoercode,heeftdossierid,bagprocescode,bagprocesomschrijving,plusvolgnummer) VALUES
	 ('0363010000959528','2017-03-31',NULL,102,'0',NULL,2,4,false,'SRID=28992;POINT (124640 487144)','03630980000326',NULL,NULL,NULL,NULL,'Verblijfsobject in gebruik',NULL,'Mutatie',NULL,'woning',9,'2023-06-20',NULL,'J','500','Ongesubsidieerde bouw (500)','0363200000461975',4,NULL,NULL,NULL,'1800','11',NULL,'GV00003372',NULL,NULL,NULL),
	 ('0363010000979513','2017-03-31',NULL,102,'0',NULL,2,4,false,'SRID=28992;POINT (124619 487173)','03630980000326',NULL,NULL,NULL,NULL,'Verblijfsobject in gebruik',NULL,'Mutatie',NULL,'woning',9,'2023-06-20',NULL,'J','500','Ongesubsidieerde bouw (500)','0363200000461916',4,NULL,NULL,NULL,'1800','11',NULL,'GV00003372',NULL,NULL,NULL),
	 ('0363010012063421','2023-11-23',NULL,102,'3',NULL,1,NULL,false,'SRID=28992;POINT (120398.575 487179.697)','03630980000034',NULL,NULL,3,3,'Verblijfsobject in gebruik',NULL,'Correctie opvoer',NULL,'kantoor in bedrijfsverzamelgebouw',13,'2023-11-23',NULL,'N',NULL,NULL,'0363200012063548',4,NULL,NULL,NULL,'3142','21',NULL,NULL,'100','Muteren naar aanleiding van signalering',NULL),
	 ('0363010012063412','2023-11-23',NULL,103,'0',NULL,1,NULL,false,'SRID=28992;POINT (120397.161 487176.695)','03630980000034',NULL,NULL,0,0,'Verblijfsobject in gebruik',NULL,'Correctie opvoer',NULL,'kantoor in bedrijfsverzamelgebouw',13,'2023-11-23',NULL,'N',NULL,NULL,'0363200012063539',4,NULL,NULL,NULL,'3142','21',NULL,NULL,'100','Muteren naar aanleiding van signalering',NULL),
	 ('0363010000979522','2012-08-09',NULL,47,'0',NULL,NULL,NULL,false,'SRID=28992;POINT (124634 487176)','03630980000326',NULL,NULL,NULL,NULL,'Verblijfsobject in gebruik',NULL,'Mutatie',NULL,'kantoor',9,'2023-06-20',NULL,'N',NULL,NULL,'0363200000461939',4,NULL,NULL,NULL,'3141','11',NULL,'GV00001551','100','Muteren naar aanleiding van signalering',NULL),
	 ('0363010000979472','2017-03-31',NULL,88,'1',NULL,2,3,false,'SRID=28992;POINT (124563 487165)','03630980000326',NULL,NULL,NULL,NULL,'Verblijfsobject in gebruik',NULL,'Mutatie',NULL,'woning',9,'2023-06-20',NULL,'J','375','Premiewoningen (375)','0363200000461895',4,NULL,NULL,NULL,'1800','11',NULL,'GV00003372',NULL,NULL,NULL),
	 ('0363010000979491','2020-11-16',NULL,127,'0',NULL,NULL,NULL,false,'SRID=28992;POINT (124588 487168)','03630980000326',NULL,NULL,NULL,NULL,'Verblijfsobject in gebruik',NULL,NULL,NULL,'woning',14,'2023-06-20',NULL,'J',NULL,NULL,'0363200000461931',4,NULL,NULL,NULL,'1800',NULL,NULL,'GV00006150','100','Muteren naar aanleiding van signalering',NULL),
	 ('0363010000979515','2017-03-31',NULL,34,'2',NULL,NULL,NULL,false,'SRID=28992;POINT (124619 487173)','03630980000326',NULL,NULL,NULL,NULL,'Verblijfsobject in gebruik',NULL,'Mutatie',NULL,'woning',13,'2024-01-31',NULL,'N',NULL,NULL,'0363200000461937',4,NULL,NULL,NULL,'1800','11',NULL,'GV00003372','145','Samenvoegen verblijfsobjecten',NULL),
	 ('0363010000979527','2012-08-09',NULL,45,'0',NULL,NULL,NULL,false,'SRID=28992;POINT (124643 487178)','03630980000326',NULL,NULL,NULL,NULL,'Verblijfsobject in gebruik',NULL,'Mutatie',NULL,'atelier / werkruimte',9,'2023-06-20',NULL,'N',NULL,NULL,'0363200000461942',4,NULL,NULL,NULL,'3176','11',NULL,'GV00001551','100','Muteren naar aanleiding van signalering',NULL),
	 ('0363010012063431','2019-01-18',NULL,119,'0',NULL,1,NULL,false,'SRID=28992;POINT (120397.161 487149.531)','03630980000034',NULL,NULL,0,0,'Verblijfsobject in gebruik',NULL,'Correctie opvoer',NULL,'kantoor in bedrijfsverzamelgebouw',8,'2019-01-18',NULL,'N',NULL,NULL,'0363200012063558',4,NULL,NULL,NULL,'3142','21',NULL,'GV00004194','100','Muteren naar aanleiding van signalering',NULL);
INSERT INTO public.bag_verblijfsobject (identificatie,begingeldigheid,eindgeldigheid,oppervlakte,verdiepingtoegang,aantaleenhedencomplex,aantalbouwlagen,aantalkamers,geconstateerd,geometrie,ligtinbuurtid,gebruiksdoelgezondheidszorgfunctieomschrijving,gebruiksdoelwoonfunctieomschrijving,hoogstebouwlaag,laagstebouwlaag,statusomschrijving,redenafvoeromschrijving,redenopvoeromschrijving,eigendomsverhoudingomschrijving,feitelijkgebruikomschrijving,volgnummer,registratiedatum,cbsnummer,indicatiewoningvoorraad,financieringscodecode,financieringscodeomschrijving,heefthoofdadresid,statuscode,gebruiksdoelwoonfunctiecode,gebruiksdoelgezondheidszorgfunctiecode,eigendomsverhoudingcode,feitelijkgebruikcode,redenopvoercode,redenafvoercode,heeftdossierid,bagprocescode,bagprocesomschrijving,plusvolgnummer) VALUES
	 ('0363010000959526','2017-03-31',NULL,91,'2',NULL,2,4,false,'SRID=28992;POINT (124640 487142)','03630980000326',NULL,NULL,NULL,NULL,'Verblijfsobject in gebruik',NULL,'Mutatie',NULL,'woning',9,'2023-06-20',NULL,'J','500','Ongesubsidieerde bouw (500)','0363200000461977',4,NULL,NULL,NULL,'1800','11',NULL,'GV00003372',NULL,NULL,NULL),
	 ('0363010000979487','2017-03-31',NULL,118,'1',NULL,3,4,false,'SRID=28992;POINT (124580 487167)','03630980000326',NULL,NULL,NULL,NULL,'Verblijfsobject in gebruik',NULL,'Mutatie',NULL,'woning',9,'2023-06-20',NULL,'J','500','Ongesubsidieerde bouw (500)','0363200000461903',4,NULL,NULL,NULL,'1800','11',NULL,'GV00003372',NULL,NULL,NULL),
	 ('0363010000553682','2013-02-04',NULL,42,'1',NULL,1,2,false,'SRID=28992;POINT (120362 487293)','03630980000034',NULL,NULL,NULL,NULL,'Verblijfsobject in gebruik',NULL,NULL,NULL,'woning',10,'2023-06-20',NULL,'J','500','Ongesubsidieerde bouw (500)','0363200000016560',4,NULL,NULL,NULL,'1800',NULL,NULL,'GV00001616','100','Muteren naar aanleiding van signalering',NULL),
	 ('0363010000804674','2014-09-03',NULL,65,'0',NULL,1,2,false,'SRID=28992;POINT (122475 486087)','03630980000078',NULL,NULL,NULL,NULL,'Verblijfsobject ingetrokken','Verdwenen door samenvoeging',NULL,'Huur','woning',11,'2014-09-04',NULL,'J','500','Ongesubsidieerde bouw (500)','0363200000263518',5,NULL,NULL,'1','1800',NULL,'43','SA00006897','115','Melding sloop afgerond',NULL),
	 ('0363010012063423','2023-11-23',NULL,105,'1',NULL,1,NULL,false,'SRID=28992;POINT (120399.535 487177.603)','03630980000034',NULL,NULL,1,1,'Verblijfsobject in gebruik',NULL,'Correctie opvoer',NULL,'kantoor in bedrijfsverzamelgebouw',13,'2023-11-23',NULL,'N',NULL,NULL,'0363200012063550',4,NULL,NULL,NULL,'3142','21',NULL,NULL,'100','Muteren naar aanleiding van signalering',NULL),
	 ('0363010000979506','2022-01-12',NULL,240,'0',NULL,NULL,NULL,false,'SRID=28992;POINT (124610 487172)','03630980000326',NULL,NULL,NULL,NULL,'Verblijfsobject ingetrokken','Verdwenen door samenvoeging',NULL,'Eigendom','woning',14,'2022-01-12',NULL,'N',NULL,NULL,'0363200000461934',5,NULL,NULL,'2','1800',NULL,'43','SM00001754','110','Samenvoegen gereed',NULL),
	 ('0363010012087762','2020-07-30',NULL,209,'2',NULL,3,7,false,'SRID=28992;POINT (122475 486087)','03630980000078',NULL,NULL,4,2,'Verblijfsobject in gebruik',NULL,NULL,NULL,'woning',20,'2023-06-20',NULL,'J','500','Ongesubsidieerde bouw (500)','0363200012089107',4,NULL,NULL,NULL,'1800',NULL,NULL,'GV00006084','111','Kleine verbouwing object',NULL),
	 ('0363010012150041','2019-10-04',NULL,67,'3',NULL,1,NULL,false,'SRID=28992;POINT (120365.272 487167.791)','03630980000034',NULL,NULL,3,3,'Verblijfsobject in gebruik',NULL,'Correctie opvoer',NULL,NULL,7,'2019-10-04',NULL,'N',NULL,NULL,'0363200012152054',4,NULL,NULL,NULL,NULL,'21',NULL,NULL,'106','Melding gebruiksgereed',NULL),
	 ('0363010000979519','2017-03-31',NULL,123,'2',NULL,2,4,false,'SRID=28992;POINT (124619 487173)','03630980000326',NULL,NULL,NULL,NULL,'Verblijfsobject in gebruik',NULL,'Mutatie',NULL,'woning',9,'2023-06-20',NULL,'J','500','Ongesubsidieerde bouw (500)','0363200000461918',4,NULL,NULL,NULL,'1800','11',NULL,'GV00003372',NULL,NULL,NULL),
	 ('0363010000959525','2017-03-31',NULL,93,'0',NULL,2,4,false,'SRID=28992;POINT (124646 487144)','03630980000326',NULL,NULL,NULL,NULL,'Verblijfsobject in gebruik',NULL,'Mutatie',NULL,'woning',9,'2023-06-20',NULL,'J','500','Ongesubsidieerde bouw (500)','0363200000461978',4,NULL,NULL,NULL,'1800','11',NULL,'GV00003372',NULL,NULL,NULL);
INSERT INTO public.bag_verblijfsobject (identificatie,begingeldigheid,eindgeldigheid,oppervlakte,verdiepingtoegang,aantaleenhedencomplex,aantalbouwlagen,aantalkamers,geconstateerd,geometrie,ligtinbuurtid,gebruiksdoelgezondheidszorgfunctieomschrijving,gebruiksdoelwoonfunctieomschrijving,hoogstebouwlaag,laagstebouwlaag,statusomschrijving,redenafvoeromschrijving,redenopvoeromschrijving,eigendomsverhoudingomschrijving,feitelijkgebruikomschrijving,volgnummer,registratiedatum,cbsnummer,indicatiewoningvoorraad,financieringscodecode,financieringscodeomschrijving,heefthoofdadresid,statuscode,gebruiksdoelwoonfunctiecode,gebruiksdoelgezondheidszorgfunctiecode,eigendomsverhoudingcode,feitelijkgebruikcode,redenopvoercode,redenafvoercode,heeftdossierid,bagprocescode,bagprocesomschrijving,plusvolgnummer) VALUES
	 ('0363010012063426','2019-10-04',NULL,130,'2',NULL,2,NULL,false,'SRID=28992;POINT (120392.321 487147.572)','03630980000034',NULL,NULL,3,2,'Verblijfsobject ingetrokken','Correctie afvoer',NULL,NULL,'kantoor in bedrijfsverzamelgebouw',12,'2019-10-04',NULL,'N',NULL,NULL,'0363200012063553',5,NULL,NULL,NULL,'3142',NULL,'49',NULL,'115','Melding sloop afgerond',NULL),
	 ('0363010000804676','2014-09-03',NULL,68,'2',NULL,1,3,false,'SRID=28992;POINT (122475 486087)','03630980000078',NULL,NULL,NULL,NULL,'Verblijfsobject ingetrokken','Verdwenen door samenvoeging',NULL,'Huur','woning',11,'2014-09-04',NULL,'J','500','Ongesubsidieerde bouw (500)','0363200000263520',5,NULL,NULL,'1','1800',NULL,'43','SA00006897','110','Samenvoegen gereed',NULL),
	 ('0363010000959585','2010-09-09',NULL,37,'0',NULL,NULL,NULL,false,'SRID=28992;POINT (124577 487131)','03630980000326',NULL,NULL,NULL,NULL,'Verblijfsobject in gebruik',NULL,'Mutatie',NULL,'kantoor',6,'2023-06-20',NULL,'N',NULL,NULL,'0363200000461983',4,NULL,NULL,NULL,'3141','11',NULL,'GV00000406',NULL,NULL,NULL),
	 ('0363010000959564','2010-09-09',NULL,123,'1',NULL,3,4,false,'SRID=28992;POINT (124603 487138)','03630980000326',NULL,NULL,NULL,NULL,'Verblijfsobject in gebruik',NULL,'Mutatie',NULL,'woning',6,'2023-06-20',NULL,'J','500','Ongesubsidieerde bouw (500)','0363200000461961',4,NULL,NULL,NULL,'1800','11',NULL,'GV00000406',NULL,NULL,NULL),
	 ('0363010000959592','2017-03-31',NULL,88,'1',NULL,2,3,false,'SRID=28992;POINT (124569 487132)','03630980000326',NULL,NULL,NULL,NULL,'Verblijfsobject in gebruik',NULL,'Mutatie',NULL,'woning',9,'2023-06-20',NULL,'J','375','Premiewoningen (375)','0363200000461946',4,NULL,NULL,NULL,'1800','11',NULL,'GV00003372',NULL,NULL,NULL),
	 ('0363010000959540','2017-03-31',NULL,84,'0',NULL,2,3,false,'SRID=28992;POINT (124618 487143)','03630980000326',NULL,NULL,NULL,NULL,'Verblijfsobject in gebruik',NULL,'Mutatie',NULL,'woning',9,'2023-06-20',NULL,'J','500','Ongesubsidieerde bouw (500)','0363200000461963',4,NULL,NULL,NULL,'1800','11',NULL,'GV00003372',NULL,NULL,NULL),
	 ('0363010000979503','2017-03-31',NULL,87,'2',NULL,2,3,false,'SRID=28992;POINT (124600 487170)','03630980000326',NULL,NULL,NULL,NULL,'Verblijfsobject in gebruik',NULL,'Mutatie',NULL,'woning',9,'2023-06-20',NULL,'J','375','Premiewoningen (375)','0363200000461911',4,NULL,NULL,NULL,'1800','11',NULL,'GV00003372',NULL,NULL,NULL),
	 ('0363010012063417','2019-01-18',NULL,84,'3',NULL,1,NULL,false,'SRID=28992;POINT (120391.165 487147.957)','03630980000034',NULL,NULL,3,3,'Verblijfsobject in gebruik',NULL,'Correctie opvoer',NULL,'kantoor in bedrijfsverzamelgebouw',8,'2019-01-18',NULL,'N',NULL,NULL,'0363200012063544',4,NULL,NULL,NULL,'3142','21',NULL,'GV00004194','100','Muteren naar aanleiding van signalering',NULL),
	 ('0363010000959537','2017-03-31',NULL,102,'0',NULL,2,4,false,'SRID=28992;POINT (124618 487141)','03630980000326',NULL,NULL,NULL,NULL,'Verblijfsobject in gebruik',NULL,'Mutatie',NULL,'woning',9,'2023-06-20',NULL,'J','500','Ongesubsidieerde bouw (500)','0363200000461966',4,NULL,NULL,NULL,'1800','11',NULL,'GV00003372',NULL,NULL,NULL),
	 ('0363010000959576','2017-10-10',NULL,37,'0',NULL,1,2,false,'SRID=28992;POINT (124593 487133)','03630980000326',NULL,NULL,0,0,'Verblijfsobject in gebruik',NULL,'Correctie opvoer',NULL,'woning',10,'2023-06-20',NULL,'N',NULL,NULL,'0363200000461984',4,NULL,NULL,NULL,'1800','21',NULL,'SM00001645',NULL,NULL,NULL);
INSERT INTO public.bag_verblijfsobject (identificatie,begingeldigheid,eindgeldigheid,oppervlakte,verdiepingtoegang,aantaleenhedencomplex,aantalbouwlagen,aantalkamers,geconstateerd,geometrie,ligtinbuurtid,gebruiksdoelgezondheidszorgfunctieomschrijving,gebruiksdoelwoonfunctieomschrijving,hoogstebouwlaag,laagstebouwlaag,statusomschrijving,redenafvoeromschrijving,redenopvoeromschrijving,eigendomsverhoudingomschrijving,feitelijkgebruikomschrijving,volgnummer,registratiedatum,cbsnummer,indicatiewoningvoorraad,financieringscodecode,financieringscodeomschrijving,heefthoofdadresid,statuscode,gebruiksdoelwoonfunctiecode,gebruiksdoelgezondheidszorgfunctiecode,eigendomsverhoudingcode,feitelijkgebruikcode,redenopvoercode,redenafvoercode,heeftdossierid,bagprocescode,bagprocesomschrijving,plusvolgnummer) VALUES
	 ('0363010000979373','2010-09-09',NULL,75,'0',NULL,NULL,NULL,false,'SRID=28992;POINT (124556 487156)','03630980000326',NULL,NULL,NULL,NULL,'Verblijfsobject in gebruik',NULL,'Mutatie',NULL,'kantoor',6,'2023-06-20',NULL,'N',NULL,NULL,'0363200000461986',4,NULL,NULL,NULL,'3141','11',NULL,'GV00000406',NULL,NULL,NULL),
	 ('0363010012063433','2019-01-18',NULL,95,'0',NULL,1,NULL,false,'SRID=28992;POINT (120398.956 487148.814)','03630980000034',NULL,NULL,0,0,'Verblijfsobject in gebruik',NULL,'Correctie opvoer',NULL,'kantoor in bedrijfsverzamelgebouw',8,'2019-01-18',NULL,'N',NULL,NULL,'0363200012063560',4,NULL,NULL,NULL,'3142','21',NULL,'GV00004194','100','Muteren naar aanleiding van signalering',NULL),
	 ('0363010000959590','2017-03-31',NULL,106,'1',NULL,3,4,false,'SRID=28992;POINT (124569 487131)','03630980000326',NULL,NULL,NULL,NULL,'Verblijfsobject in gebruik',NULL,'Mutatie',NULL,'woning',10,'2023-06-20',NULL,'J','500','Ongesubsidieerde bouw (500)','0363200000461948',4,NULL,NULL,NULL,'1800','11',NULL,'GV00003372',NULL,NULL,NULL),
	 ('0363010012063424','2023-11-23',NULL,78,'4',NULL,1,NULL,false,'SRID=28992;POINT (120401.28 487178.091)','03630980000034',NULL,NULL,4,4,'Verblijfsobject in gebruik',NULL,'Correctie opvoer',NULL,'kantoor in bedrijfsverzamelgebouw',13,'2023-11-23',NULL,'N',NULL,NULL,'0363200012063551',4,NULL,NULL,NULL,'3142','21',NULL,NULL,'100','Muteren naar aanleiding van signalering',NULL),
	 ('0363010000959586','2017-03-31',NULL,108,'1',NULL,2,3,false,'SRID=28992;POINT (124577 487133)','03630980000326',NULL,NULL,NULL,NULL,'Verblijfsobject in gebruik',NULL,'Mutatie',NULL,'woning',9,'2023-06-20',NULL,'J','375','Premiewoningen (375)','0363200000461950',4,NULL,NULL,NULL,'1800','11',NULL,'GV00003372',NULL,NULL,NULL),
	 ('0363010000979504','2012-08-09',NULL,53,'0',NULL,NULL,NULL,false,'SRID=28992;POINT (124606 487171)','03630980000326',NULL,NULL,NULL,NULL,'Verblijfsobject in gebruik',NULL,'Mutatie',NULL,'atelier / werkruimte',9,'2023-06-20',NULL,'N',NULL,NULL,'0363200000461933',4,NULL,NULL,NULL,'3176','11',NULL,'GV00001551','100','Muteren naar aanleiding van signalering',NULL),
	 ('0363010000979507','2017-03-31',NULL,102,'0',NULL,2,4,false,'SRID=28992;POINT (124615 487173)','03630980000326',NULL,NULL,NULL,NULL,'Verblijfsobject in gebruik',NULL,'Mutatie',NULL,'woning',9,'2023-06-20',NULL,'J','500','Ongesubsidieerde bouw (500)','0363200000461913',4,NULL,NULL,NULL,'1800','11',NULL,'GV00003372',NULL,NULL,NULL),
	 ('0363010000979508','2012-08-09',NULL,32,'0',NULL,NULL,NULL,false,'SRID=28992;POINT (124618 487173)','03630980000326',NULL,NULL,NULL,NULL,'Verblijfsobject in gebruik',NULL,'Mutatie',NULL,'atelier / werkruimte',9,'2023-06-20',NULL,'N',NULL,NULL,'0363200000461935',4,NULL,NULL,NULL,'3176','11',NULL,'GV00001551','100','Muteren naar aanleiding van signalering',NULL),
	 ('0363010000959591','2017-03-31',NULL,106,'1',NULL,3,4,false,'SRID=28992;POINT (124569 487131)','03630980000326',NULL,NULL,NULL,NULL,'Verblijfsobject in gebruik',NULL,'Mutatie',NULL,'woning',10,'2023-06-20',NULL,'J','500','Ongesubsidieerde bouw (500)','0363200000461947',4,NULL,NULL,NULL,'1800','11',NULL,'GV00003372',NULL,NULL,NULL),
	 ('0363010012063430','2019-01-18',NULL,64,'0',NULL,1,NULL,false,'SRID=28992;POINT (120396.204 487149.292)','03630980000034',NULL,NULL,0,0,'Verblijfsobject in gebruik',NULL,'Correctie opvoer',NULL,'kantoor in bedrijfsverzamelgebouw',8,'2019-01-18',NULL,'N',NULL,NULL,'0363200012063557',4,NULL,NULL,NULL,'3142','21',NULL,'GV00004194','100','Muteren naar aanleiding van signalering',NULL);
INSERT INTO public.bag_verblijfsobject (identificatie,begingeldigheid,eindgeldigheid,oppervlakte,verdiepingtoegang,aantaleenhedencomplex,aantalbouwlagen,aantalkamers,geconstateerd,geometrie,ligtinbuurtid,gebruiksdoelgezondheidszorgfunctieomschrijving,gebruiksdoelwoonfunctieomschrijving,hoogstebouwlaag,laagstebouwlaag,statusomschrijving,redenafvoeromschrijving,redenopvoeromschrijving,eigendomsverhoudingomschrijving,feitelijkgebruikomschrijving,volgnummer,registratiedatum,cbsnummer,indicatiewoningvoorraad,financieringscodecode,financieringscodeomschrijving,heefthoofdadresid,statuscode,gebruiksdoelwoonfunctiecode,gebruiksdoelgezondheidszorgfunctiecode,eigendomsverhoudingcode,feitelijkgebruikcode,redenopvoercode,redenafvoercode,heeftdossierid,bagprocescode,bagprocesomschrijving,plusvolgnummer) VALUES
	 ('0363010000959523','2017-03-31',NULL,91,'0',NULL,2,4,false,'SRID=28992;POINT (124654 487146)','03630980000326',NULL,NULL,NULL,NULL,'Verblijfsobject in gebruik',NULL,'Mutatie',NULL,'woning',12,'2023-06-20',NULL,'J','500','Ongesubsidieerde bouw (500)','0363200000461980',4,NULL,NULL,NULL,'1800','11',NULL,'GV00003372','100','Muteren naar aanleiding van signalering',NULL),
	 ('0363010000979483','2012-08-09',NULL,37,'0',NULL,NULL,NULL,false,'SRID=28992;POINT (124572 487166)','03630980000326',NULL,NULL,NULL,NULL,'Verblijfsobject in gebruik',NULL,NULL,NULL,'woning',9,'2023-06-20',NULL,'N',NULL,NULL,'0363200000461930',4,NULL,NULL,NULL,'1800',NULL,NULL,'GV00001551','100','Muteren naar aanleiding van signalering',NULL),
	 ('0363010000979490','2017-03-31',NULL,78,'1',NULL,2,3,false,'SRID=28992;POINT (124580 487167)','03630980000326',NULL,NULL,NULL,NULL,'Verblijfsobject in gebruik',NULL,'Mutatie',NULL,'woning',10,'2023-06-20',NULL,'J','375','Premiewoningen (375)','0363200000461905',4,NULL,NULL,NULL,'1800','11',NULL,'GV00003372',NULL,NULL,NULL),
	 ('0363010000979477','2017-03-31',NULL,106,'1',NULL,3,4,false,'SRID=28992;POINT (124563 487165)','03630980000326',NULL,NULL,NULL,NULL,'Verblijfsobject in gebruik',NULL,'Mutatie',NULL,'woning',9,'2023-06-20',NULL,'J','500','Ongesubsidieerde bouw (500)','0363200000461897',4,NULL,NULL,NULL,'1800','11',NULL,'GV00003372',NULL,NULL,NULL),
	 ('0363010000553683','2013-02-04',NULL,42,'2',NULL,1,2,false,'SRID=28992;POINT (120362 487293)','03630980000034',NULL,NULL,NULL,NULL,'Verblijfsobject in gebruik',NULL,NULL,NULL,'woning',10,'2023-06-20',NULL,'J','500','Ongesubsidieerde bouw (500)','0363200000016561',4,NULL,NULL,NULL,'1800',NULL,NULL,'GV00001616','100','Muteren naar aanleiding van signalering',NULL),
	 ('0363010000959588','2021-10-12',NULL,115,'0',NULL,NULL,NULL,false,'SRID=28992;POINT (124572 487129)','03630980000326',NULL,NULL,NULL,NULL,'Verblijfsobject ingetrokken','Verdwenen door verbouw',NULL,'Eigendom','woning',14,'2021-11-16',NULL,'J',NULL,NULL,'0363200000461982',5,NULL,NULL,'2','1800',NULL,'40','SM00001743','115','Melding sloop afgerond',NULL),
	 ('0363010012063413','2019-01-18',NULL,56,'1',NULL,1,NULL,false,'SRID=28992;POINT (120394.44 487149.402)','03630980000034',NULL,NULL,1,1,'Verblijfsobject in gebruik',NULL,'Correctie opvoer',NULL,'kantoor in bedrijfsverzamelgebouw',10,'2019-01-18',NULL,'N',NULL,NULL,'0363200012063540',4,NULL,NULL,NULL,'3142','21',NULL,'GV00004194','100','Muteren naar aanleiding van signalering',NULL),
	 ('0363010000959567','2017-03-31',NULL,97,'0',NULL,1,3,false,'SRID=28992;POINT (124603 487141)','03630980000326',NULL,NULL,NULL,NULL,'Verblijfsobject in gebruik',NULL,'Mutatie',NULL,'woning',11,'2023-06-20',NULL,'J','375','Premiewoningen (375)','0363200000461959',4,NULL,NULL,NULL,'1800','11',NULL,'GV00003372',NULL,NULL,NULL),
	 ('0363010012150039','2019-10-04',NULL,87,'1',NULL,1,NULL,false,'SRID=28992;POINT (120366.607 487162.853)','03630980000034',NULL,NULL,1,1,'Verblijfsobject in gebruik',NULL,'Correctie opvoer',NULL,NULL,7,'2019-10-04',NULL,'N',NULL,NULL,'0363200012152052',4,NULL,NULL,NULL,NULL,'21',NULL,NULL,'106','Melding gebruiksgereed',NULL),
	 ('0363010000719556','2011-05-30',NULL,1,'99',NULL,1,2,false,'SRID=28992;POINT (120395 487147)','03630980000034',NULL,NULL,NULL,NULL,'Verblijfsobject ingetrokken','Correctie afvoer','Mutatie','Eigendom','kantoor (hoofdcode)',8,'2011-06-14',NULL,'J','500','Ongesubsidieerde bouw (500)','0363200000415910',5,NULL,NULL,'2','3140','11','49','SA00003543','135','Intrekken verblijfsobject',NULL);
INSERT INTO public.bag_verblijfsobject (identificatie,begingeldigheid,eindgeldigheid,oppervlakte,verdiepingtoegang,aantaleenhedencomplex,aantalbouwlagen,aantalkamers,geconstateerd,geometrie,ligtinbuurtid,gebruiksdoelgezondheidszorgfunctieomschrijving,gebruiksdoelwoonfunctieomschrijving,hoogstebouwlaag,laagstebouwlaag,statusomschrijving,redenafvoeromschrijving,redenopvoeromschrijving,eigendomsverhoudingomschrijving,feitelijkgebruikomschrijving,volgnummer,registratiedatum,cbsnummer,indicatiewoningvoorraad,financieringscodecode,financieringscodeomschrijving,heefthoofdadresid,statuscode,gebruiksdoelwoonfunctiecode,gebruiksdoelgezondheidszorgfunctiecode,eigendomsverhoudingcode,feitelijkgebruikcode,redenopvoercode,redenafvoercode,heeftdossierid,bagprocescode,bagprocesomschrijving,plusvolgnummer) VALUES
	 ('0363010000979374','2017-11-06',NULL,72,'0',NULL,NULL,NULL,false,'SRID=28992;POINT (124558 487150)','03630980000326',NULL,NULL,NULL,NULL,'Verblijfsobject ingetrokken','Verdwenen door splitsing',NULL,'Huur','winkel',12,'2020-07-14',NULL,'N',NULL,NULL,'0363200000461987',5,NULL,NULL,'1','3111',NULL,'44','SM00001649','115','Melding sloop afgerond',NULL),
	 ('0363010000959581','2017-03-31',NULL,118,'1',NULL,3,4,false,'SRID=28992;POINT (124583 487134)','03630980000326',NULL,NULL,NULL,NULL,'Verblijfsobject in gebruik',NULL,'Mutatie',NULL,'woning',9,'2023-06-20',NULL,'J','500','Ongesubsidieerde bouw (500)','0363200000461953',4,NULL,NULL,NULL,'1800','11',NULL,'GV00003372',NULL,NULL,NULL),
	 ('0363010000959587','2021-11-19',NULL,140,'0',NULL,4,5,false,'SRID=28992;POINT (124571 487132)','03630980000326',NULL,NULL,2,-1,'Verblijfsobject in gebruik',NULL,NULL,NULL,'woning',24,'2023-06-20',NULL,'J','500','Ongesubsidieerde bouw (500)','0363200000461949',4,NULL,NULL,NULL,'1800',NULL,NULL,'SM00001743','106','Melding gebruiksgereed',NULL),
	 ('0363010012581839','2024-01-30',NULL,115,'2',NULL,1,6,false,'SRID=28992;POINT (124627.346 487160.007)','03630980000326',NULL,NULL,2,2,'Verblijfsobject gevormd',NULL,'Samenvoeging in vergunningsfase',NULL,'woning',9,'2024-01-31',NULL,'J','375','Premiewoningen (375)','0363200013041944',1,NULL,NULL,NULL,'1800','26',NULL,NULL,'145','Samenvoegen verblijfsobjecten',NULL),
	 ('0363010000672831','2010-09-09',NULL,41,'3',NULL,1,2,false,'SRID=28992;POINT (122743 486994)','03630980000086',NULL,NULL,NULL,NULL,'Verblijfsobject in gebruik',NULL,'Mutatie',NULL,'woning',6,'2023-06-20',NULL,'J','500','Ongesubsidieerde bouw (500)','0363200000134814',4,NULL,NULL,NULL,'1800','11',NULL,'GV00000406',NULL,NULL,NULL),
	 ('0363010012061208','2011-08-12',NULL,160,'0',NULL,3,4,false,'SRID=28992;POINT (120359.46 487299.386)','03630980000034',NULL,NULL,NULL,NULL,'Verblijfsobject in gebruik (niet ingemeten)',NULL,'Correctie opvoer','Eigendom','woning',22,'2011-08-12',NULL,'J','500','Ongesubsidieerde bouw (500)','0363200012061271',3,NULL,NULL,'2','1800','21',NULL,'SA00003379','100','Muteren naar aanleiding van signalering',NULL),
	 ('0363010000553681','2010-09-09',NULL,83,NULL,NULL,NULL,NULL,false,'SRID=28992;POINT (120362 487293)','03630980000034',NULL,NULL,NULL,NULL,'Verblijfsobject in gebruik',NULL,NULL,NULL,'winkel',7,'2018-11-02',NULL,'N',NULL,NULL,'0363200000016559',4,NULL,NULL,NULL,'3111',NULL,NULL,'GV00000406',NULL,NULL,NULL),
	 ('0363010000979376','2023-08-29',NULL,206,'0',NULL,1,NULL,false,'SRID=28992;POINT (124558 487138)','03630980000326',NULL,NULL,0,0,'Verblijfsobject in gebruik',NULL,'Mutatie',NULL,'café / bar / restaurant',9,'2023-08-29',NULL,'N',NULL,NULL,'0363200000461989',4,NULL,NULL,NULL,'3122','11',NULL,'GV00007133',NULL,NULL,NULL),
	 ('0363010000979516','2017-03-31',NULL,131,'2',NULL,2,4,false,'SRID=28992;POINT (124619 487173)','03630980000326',NULL,NULL,NULL,NULL,'Verblijfsobject in gebruik',NULL,'Mutatie',NULL,'woning',9,'2023-06-20',NULL,'J','375','Premiewoningen (375)','0363200000461917',4,NULL,NULL,NULL,'1800','11',NULL,'GV00003372',NULL,NULL,NULL),
	 ('0363010001021353','2010-11-17',NULL,1,'0',NULL,2,3,false,'SRID=28992;POINT (120362 487298)','03630980000034',NULL,NULL,NULL,NULL,'Verblijfsobject ingetrokken','Verdwenen door samenvoeging','Mutatie','Eigendom','woning',8,'2010-12-22',NULL,'J','500','Ongesubsidieerde bouw (500)','0363200000505211',5,NULL,NULL,'2','1800','11','43','SA00003379','135','Intrekken verblijfsobject',NULL);
INSERT INTO public.bag_verblijfsobject (identificatie,begingeldigheid,eindgeldigheid,oppervlakte,verdiepingtoegang,aantaleenhedencomplex,aantalbouwlagen,aantalkamers,geconstateerd,geometrie,ligtinbuurtid,gebruiksdoelgezondheidszorgfunctieomschrijving,gebruiksdoelwoonfunctieomschrijving,hoogstebouwlaag,laagstebouwlaag,statusomschrijving,redenafvoeromschrijving,redenopvoeromschrijving,eigendomsverhoudingomschrijving,feitelijkgebruikomschrijving,volgnummer,registratiedatum,cbsnummer,indicatiewoningvoorraad,financieringscodecode,financieringscodeomschrijving,heefthoofdadresid,statuscode,gebruiksdoelwoonfunctiecode,gebruiksdoelgezondheidszorgfunctiecode,eigendomsverhoudingcode,feitelijkgebruikcode,redenopvoercode,redenafvoercode,heeftdossierid,bagprocescode,bagprocesomschrijving,plusvolgnummer) VALUES
	 ('0363010000979497','2017-03-31',NULL,97,'0',NULL,1,4,false,'SRID=28992;POINT (124600 487170)','03630980000326',NULL,NULL,NULL,NULL,'Verblijfsobject in gebruik',NULL,'Mutatie',NULL,'woning',9,'2023-06-20',NULL,'J','375','Premiewoningen (375)','0363200000461908',4,NULL,NULL,NULL,'1800','11',NULL,'GV00003372',NULL,NULL,NULL),
	 ('0363010012127847','2017-11-06',NULL,38,'0',NULL,1,NULL,false,'SRID=28992;POINT (124554.835 487150.56)','03630980000326',NULL,NULL,0,0,'Verblijfsobject in gebruik',NULL,'Ontstaan door splitsing',NULL,'winkel',9,'2023-06-20',NULL,'N',NULL,NULL,'0363200012129747',4,NULL,NULL,NULL,'3111','33',NULL,'SM00001649','106','Melding gebruiksgereed',NULL),
	 ('0363010000959575','2017-03-31',NULL,82,'1',NULL,2,3,false,'SRID=28992;POINT (124592 487136)','03630980000326',NULL,NULL,NULL,NULL,'Verblijfsobject in gebruik',NULL,'Mutatie',NULL,'woning',9,'2023-06-20',NULL,'J','375','Premiewoningen (375)','0363200000461957',4,NULL,NULL,NULL,'1800','11',NULL,'GV00003372',NULL,NULL,NULL),
	 ('0363010000979496','2012-08-09',NULL,37,'0',NULL,NULL,NULL,false,'SRID=28992;POINT (124594 487169)','03630980000326',NULL,NULL,NULL,NULL,'Verblijfsobject in gebruik',NULL,'Mutatie',NULL,'atelier / werkruimte',9,'2023-06-20',NULL,'N',NULL,NULL,'0363200000461932',4,NULL,NULL,NULL,'3176','11',NULL,'GV00001551','100','Muteren naar aanleiding van signalering',NULL),
	 ('0363010000997014','2021-08-10',NULL,105,'0',NULL,NULL,NULL,false,'SRID=28992;POINT (124559 487164)','03630980000326',NULL,NULL,NULL,NULL,'Verblijfsobject in gebruik',NULL,'Mutatie',NULL,'woning',9,'2023-06-20',NULL,'J',NULL,NULL,'0363200000476862',4,NULL,NULL,NULL,'1800','11',NULL,'GV00006202',NULL,NULL,NULL),
	 ('0363010000959539','2010-09-09',NULL,77,'2',NULL,1,3,false,'SRID=28992;POINT (124618 487142)','03630980000326',NULL,NULL,NULL,NULL,'Verblijfsobject in gebruik',NULL,'Mutatie',NULL,'woning',9,'2024-01-31',NULL,'J','375','Premiewoningen (375)','0363200000461964',4,NULL,NULL,NULL,'1800','11',NULL,'GV00000406','145','Samenvoegen verblijfsobjecten',NULL),
	 ('0363010000959566','2017-03-31',NULL,92,'1',NULL,2,3,false,'SRID=28992;POINT (124603 487140)','03630980000326',NULL,NULL,NULL,NULL,'Verblijfsobject in gebruik',NULL,'Mutatie',NULL,'woning',9,'2023-06-20',NULL,'J','375','Premiewoningen (375)','0363200000461960',4,NULL,NULL,NULL,'1800','11',NULL,'GV00003372',NULL,NULL,NULL),
	 ('0363010000979499','2017-03-31',NULL,92,'1',NULL,2,3,false,'SRID=28992;POINT (124600 487170)','03630980000326',NULL,NULL,NULL,NULL,'Verblijfsobject in gebruik',NULL,'Mutatie',NULL,'woning',9,'2023-06-20',NULL,'J','375','Premiewoningen (375)','0363200000461909',4,NULL,NULL,NULL,'1800','11',NULL,'GV00003372',NULL,NULL,NULL),
	 ('0363010012063419','2019-01-18',NULL,76,'3',NULL,2,NULL,false,'SRID=28992;POINT (120392.61 487148.92)','03630980000034',NULL,NULL,4,3,'Verblijfsobject in gebruik',NULL,'Correctie opvoer',NULL,'kantoor in bedrijfsverzamelgebouw',8,'2019-01-18',NULL,'N',NULL,NULL,'0363200012063546',4,NULL,NULL,NULL,'3142','21',NULL,'GV00004194','100','Muteren naar aanleiding van signalering',NULL),
	 ('0363010000959578','2017-03-31',NULL,78,'1',NULL,2,3,false,'SRID=28992;POINT (124583 487132)','03630980000326',NULL,NULL,NULL,NULL,'Verblijfsobject in gebruik',NULL,'Mutatie',NULL,'woning',10,'2023-06-20',NULL,'J','375','Premiewoningen (375)','0363200000461956',4,NULL,NULL,NULL,'1800','11',NULL,'GV00003372','100','Muteren naar aanleiding van signalering',NULL);
INSERT INTO public.bag_verblijfsobject (identificatie,begingeldigheid,eindgeldigheid,oppervlakte,verdiepingtoegang,aantaleenhedencomplex,aantalbouwlagen,aantalkamers,geconstateerd,geometrie,ligtinbuurtid,gebruiksdoelgezondheidszorgfunctieomschrijving,gebruiksdoelwoonfunctieomschrijving,hoogstebouwlaag,laagstebouwlaag,statusomschrijving,redenafvoeromschrijving,redenopvoeromschrijving,eigendomsverhoudingomschrijving,feitelijkgebruikomschrijving,volgnummer,registratiedatum,cbsnummer,indicatiewoningvoorraad,financieringscodecode,financieringscodeomschrijving,heefthoofdadresid,statuscode,gebruiksdoelwoonfunctiecode,gebruiksdoelgezondheidszorgfunctiecode,eigendomsverhoudingcode,feitelijkgebruikcode,redenopvoercode,redenafvoercode,heeftdossierid,bagprocescode,bagprocesomschrijving,plusvolgnummer) VALUES
	 ('0363010000979375','2010-09-09',NULL,180,'0',NULL,NULL,NULL,false,'SRID=28992;POINT (124558 487143)','03630980000326',NULL,NULL,NULL,NULL,'Verblijfsobject in gebruik',NULL,'Mutatie',NULL,'café / bar / restaurant',6,'2023-06-20',NULL,'N',NULL,NULL,'0363200000461988',4,NULL,NULL,NULL,'3122','11',NULL,'GV00000406',NULL,NULL,NULL),
	 ('0363010000979481','2017-03-31',NULL,106,'0',NULL,3,3,false,'SRID=28992;POINT (124567 487165)','03630980000326',NULL,NULL,NULL,NULL,'Verblijfsobject in gebruik',NULL,'Mutatie',NULL,'woning',9,'2023-06-20',NULL,'J','375','Premiewoningen (375)','0363200000461898',4,NULL,NULL,NULL,'1800','11',NULL,'GV00003372',NULL,NULL,NULL),
	 ('0363010012063427','2019-10-04',NULL,123,'1',NULL,3,NULL,false,'SRID=28992;POINT (120393.188 487148.054)','03630980000034',NULL,NULL,3,1,'Verblijfsobject ingetrokken','Correctie afvoer',NULL,NULL,'kantoor in bedrijfsverzamelgebouw',12,'2019-10-04',NULL,'N',NULL,NULL,'0363200012063554',5,NULL,NULL,NULL,'3142',NULL,'49',NULL,'115','Melding sloop afgerond',NULL),
	 ('0363010001024147','2010-09-09',NULL,45,'0',NULL,NULL,NULL,false,'SRID=28992;POINT (121327 487615)','03630980000044',NULL,NULL,NULL,NULL,'Verblijfsobject in gebruik',NULL,'Mutatie',NULL,'kantoor',6,'2023-06-20',NULL,'N',NULL,NULL,'0363200000509970',4,NULL,NULL,NULL,'3141','11',NULL,'GV00000406',NULL,NULL,NULL),
	 ('0363010000553680','2010-11-17',NULL,51,'2',NULL,1,2,false,'SRID=28992;POINT (120362 487298)','03630980000034',NULL,NULL,NULL,NULL,'Verblijfsobject ingetrokken','Verdwenen door samenvoeging','Mutatie','Huur','woning',8,'2010-12-22',NULL,'J','500','Ongesubsidieerde bouw (500)','0363200000016558',5,NULL,NULL,'1','1800','11','43','SA00003379','135','Intrekken verblijfsobject',NULL),
	 ('0363010000959570','2017-03-31',NULL,82,'1',NULL,2,3,false,'SRID=28992;POINT (124598 487137)','03630980000326',NULL,NULL,NULL,NULL,'Verblijfsobject in gebruik',NULL,'Mutatie',NULL,'woning',9,'2023-06-20',NULL,'J','375','Premiewoningen (375)','0363200000461958',4,NULL,NULL,NULL,'1800','11',NULL,'GV00003372',NULL,NULL,NULL),
	 ('0363010000979525','2012-08-09',NULL,29,'0',NULL,NULL,NULL,false,'SRID=28992;POINT (124643 487177)','03630980000326',NULL,NULL,NULL,NULL,'Verblijfsobject in gebruik',NULL,'Mutatie',NULL,'kantoor',9,'2023-06-20',NULL,'N',NULL,NULL,'0363200000461940',4,NULL,NULL,NULL,'3141','11',NULL,'GV00001551','100','Muteren naar aanleiding van signalering',NULL),
	 ('0363010000959555','2017-03-31',NULL,79,'0',NULL,2,3,false,'SRID=28992;POINT (124618 487143)','03630980000326',NULL,NULL,NULL,NULL,'Verblijfsobject in gebruik',NULL,'Mutatie',NULL,'woning',10,'2023-06-20',NULL,'J','375','Premiewoningen (375)','0363200000461962',4,NULL,NULL,NULL,'1800','11',NULL,'GV00003372','100','Muteren naar aanleiding van signalering',NULL),
	 ('0363010000979484','2010-09-09',NULL,97,'0',NULL,1,4,false,'SRID=28992;POINT (124580 487167)','03630980000326',NULL,NULL,NULL,NULL,'Verblijfsobject in gebruik',NULL,NULL,NULL,'woning',8,'2023-06-20',NULL,'J','500','Ongesubsidieerde bouw (500)','0363200000461900',4,NULL,NULL,NULL,'1800',NULL,NULL,'GV00000406','100','Muteren naar aanleiding van signalering',NULL),
	 ('0363010012063415','2019-01-18',NULL,40,'1',NULL,1,NULL,false,'SRID=28992;POINT (120390.01 487146.609)','03630980000034',NULL,NULL,1,1,'Verblijfsobject in gebruik',NULL,'Correctie opvoer',NULL,'kantoor in bedrijfsverzamelgebouw',8,'2019-01-18',NULL,'N',NULL,NULL,'0363200012063542',4,NULL,NULL,NULL,'3142','21',NULL,'GV00004194','100','Muteren naar aanleiding van signalering',NULL);
INSERT INTO public.bag_verblijfsobject (identificatie,begingeldigheid,eindgeldigheid,oppervlakte,verdiepingtoegang,aantaleenhedencomplex,aantalbouwlagen,aantalkamers,geconstateerd,geometrie,ligtinbuurtid,gebruiksdoelgezondheidszorgfunctieomschrijving,gebruiksdoelwoonfunctieomschrijving,hoogstebouwlaag,laagstebouwlaag,statusomschrijving,redenafvoeromschrijving,redenopvoeromschrijving,eigendomsverhoudingomschrijving,feitelijkgebruikomschrijving,volgnummer,registratiedatum,cbsnummer,indicatiewoningvoorraad,financieringscodecode,financieringscodeomschrijving,heefthoofdadresid,statuscode,gebruiksdoelwoonfunctiecode,gebruiksdoelgezondheidszorgfunctiecode,eigendomsverhoudingcode,feitelijkgebruikcode,redenopvoercode,redenafvoercode,heeftdossierid,bagprocescode,bagprocesomschrijving,plusvolgnummer) VALUES
	 ('0363010012063425','2019-01-18',NULL,55,'1',NULL,1,NULL,false,'SRID=28992;POINT (120391.551 487147.187)','03630980000034',NULL,NULL,1,1,'Verblijfsobject in gebruik',NULL,'Correctie opvoer',NULL,'kantoor in bedrijfsverzamelgebouw',8,'2019-01-18',NULL,'N',NULL,NULL,'0363200012063552',4,NULL,NULL,NULL,'3142','21',NULL,'GV00004194','100','Muteren naar aanleiding van signalering',NULL),
	 ('0363010003716772','2013-07-23',NULL,5602,'0',NULL,7,NULL,false,'SRID=28992;POINT (121336 487623)','03630980000044',NULL,NULL,6,0,'Verblijfsobject in gebruik',NULL,NULL,NULL,'hotel / motel',9,'2023-06-20',NULL,'N',NULL,NULL,'0363200003716690',4,NULL,NULL,NULL,'3124',NULL,NULL,'SA00785759','111','Kleine verbouwing object',NULL),
	 ('0363010000959538','2017-03-31',NULL,91,'2',NULL,2,4,false,'SRID=28992;POINT (124618 487142)','03630980000326',NULL,NULL,NULL,NULL,'Verblijfsobject in gebruik',NULL,'Mutatie',NULL,'woning',9,'2023-06-20',NULL,'J','500','Ongesubsidieerde bouw (500)','0363200000461965',4,NULL,NULL,NULL,'1800','11',NULL,'GV00003372',NULL,NULL,NULL),
	 ('0363010012063436','2019-01-18',NULL,40,'0',NULL,1,NULL,false,'SRID=28992;POINT (120397.999 487148.575)','03630980000034',NULL,NULL,0,0,'Verblijfsobject in gebruik',NULL,'Correctie opvoer',NULL,'kantoor in bedrijfsverzamelgebouw',8,'2019-01-18',NULL,'N',NULL,NULL,'0363200012063563',4,NULL,NULL,NULL,'3142','21',NULL,'GV00004194','100','Muteren naar aanleiding van signalering',NULL),
	 ('0363010000979505','2022-01-12',NULL,149,'0',NULL,2,5,false,'SRID=28992;POINT (124610 487172)','03630980000326',NULL,NULL,NULL,NULL,'Verblijfsobject ingetrokken','Verdwenen door samenvoeging',NULL,'Eigendom','woning',13,'2022-01-12',NULL,'J','500','Ongesubsidieerde bouw (500)','0363200000461912',5,NULL,NULL,'2','1800',NULL,'43','SM00001754','110','Samenvoegen gereed',NULL),
	 ('0363010000979500','2010-09-09',NULL,123,'1',NULL,3,4,false,'SRID=28992;POINT (124600 487170)','03630980000326',NULL,NULL,NULL,NULL,'Verblijfsobject in gebruik',NULL,'Mutatie',NULL,'woning',6,'2023-06-20',NULL,'J','500','Ongesubsidieerde bouw (500)','0363200000461910',4,NULL,NULL,NULL,'1800','11',NULL,'GV00000406',NULL,NULL,NULL),
	 ('0363010000979512','2017-03-31',NULL,100,'0',NULL,2,4,false,'SRID=28992;POINT (124618 487173)','03630980000326',NULL,NULL,NULL,NULL,'Verblijfsobject in gebruik',NULL,'Mutatie',NULL,'woning',14,'2023-06-20',NULL,'J','375','Premiewoningen (375)','0363200000461915',4,NULL,NULL,NULL,'1800','11',NULL,'GV00003372','100','Muteren naar aanleiding van signalering',NULL),
	 ('0363010000979518','2021-08-10',NULL,125,'2',NULL,NULL,NULL,false,'SRID=28992;POINT (124619 487173)','03630980000326',NULL,NULL,NULL,NULL,'Verblijfsobject in gebruik',NULL,'Mutatie',NULL,'woning',9,'2023-06-20',NULL,'J',NULL,NULL,'0363200000461938',4,NULL,NULL,NULL,'1800','11',NULL,'GV00006202',NULL,NULL,NULL),
	 ('0363010000672830','2013-02-09',NULL,43,'2',NULL,1,2,false,'SRID=28992;POINT (122743 486994)','03630980000086',NULL,NULL,NULL,NULL,'Verblijfsobject in gebruik',NULL,'Mutatie',NULL,'woning',9,'2023-06-20',NULL,'J','500','Ongesubsidieerde bouw (500)','0363200000134813',4,NULL,NULL,NULL,'1800','11',NULL,'GV00001616','100','Muteren naar aanleiding van signalering',NULL),
	 ('0363010000979521','2021-02-26',NULL,93,'0',NULL,2,4,false,'SRID=28992;POINT (124634 487176)','03630980000326',NULL,NULL,2,1,'Verblijfsobject in gebruik',NULL,NULL,NULL,'woning',13,'2023-06-20',NULL,'J','500','Ongesubsidieerde bouw (500)','0363200000461920',4,NULL,NULL,NULL,'1800',NULL,NULL,'SM03402743','111','Kleine verbouwing object',NULL);
INSERT INTO public.bag_verblijfsobject (identificatie,begingeldigheid,eindgeldigheid,oppervlakte,verdiepingtoegang,aantaleenhedencomplex,aantalbouwlagen,aantalkamers,geconstateerd,geometrie,ligtinbuurtid,gebruiksdoelgezondheidszorgfunctieomschrijving,gebruiksdoelwoonfunctieomschrijving,hoogstebouwlaag,laagstebouwlaag,statusomschrijving,redenafvoeromschrijving,redenopvoeromschrijving,eigendomsverhoudingomschrijving,feitelijkgebruikomschrijving,volgnummer,registratiedatum,cbsnummer,indicatiewoningvoorraad,financieringscodecode,financieringscodeomschrijving,heefthoofdadresid,statuscode,gebruiksdoelwoonfunctiecode,gebruiksdoelgezondheidszorgfunctiecode,eigendomsverhoudingcode,feitelijkgebruikcode,redenopvoercode,redenafvoercode,heeftdossierid,bagprocescode,bagprocesomschrijving,plusvolgnummer) VALUES
	 ('0363010000979528','2017-03-31',NULL,101,'0',NULL,2,4,false,'SRID=28992;POINT (124643 487178)','03630980000326',NULL,NULL,NULL,NULL,'Verblijfsobject in gebruik',NULL,'Mutatie',NULL,'woning',9,'2023-06-20',NULL,'J','500','Ongesubsidieerde bouw (500)','0363200000461923',4,NULL,NULL,NULL,'1800','11',NULL,'GV00003372',NULL,NULL,NULL),
	 ('0363010000959580','2017-03-31',NULL,118,'1',NULL,3,4,false,'SRID=28992;POINT (124583 487134)','03630980000326',NULL,NULL,NULL,NULL,'Verblijfsobject in gebruik',NULL,'Mutatie',NULL,'woning',9,'2023-06-20',NULL,'J','500','Ongesubsidieerde bouw (500)','0363200000461954',4,NULL,NULL,NULL,'1800','11',NULL,'GV00003372',NULL,NULL,NULL),
	 ('0363010000672828','2010-09-09',NULL,46,'0',NULL,NULL,NULL,false,'SRID=28992;POINT (122743 486994)','03630980000086',NULL,NULL,NULL,NULL,'Verblijfsobject in gebruik',NULL,'Mutatie',NULL,'winkel',6,'2023-06-20',NULL,'N',NULL,NULL,'0363200000134811',4,NULL,NULL,NULL,'3111','11',NULL,'GV00000406',NULL,NULL,NULL),
	 ('0363010012063439','2011-07-22',NULL,140,'2',NULL,1,99,false,'SRID=28992;POINT (120395.726 487150.608)','03630980000034',NULL,NULL,2,2,'Verblijfsobject ingetrokken','Correctie afvoer',NULL,'Huur',NULL,8,'2011-07-28',NULL,'J','500','Ongesubsidieerde bouw (500)','0363200012063566',5,NULL,NULL,'1',NULL,NULL,'49','SA00003589','135','Intrekken verblijfsobject',NULL),
	 ('0363010000804675','2014-09-03',NULL,68,'1',NULL,1,3,false,'SRID=28992;POINT (122475 486087)','03630980000078',NULL,NULL,NULL,NULL,'Verblijfsobject ingetrokken','Verdwenen door samenvoeging',NULL,'Huur','woning',11,'2014-09-04',NULL,'J','500','Ongesubsidieerde bouw (500)','0363200000263519',5,NULL,NULL,'1','1800',NULL,'43','SA00006897','115','Melding sloop afgerond',NULL),
	 ('0363010000979493','2017-03-31',NULL,82,'0',NULL,2,3,false,'SRID=28992;POINT (124588 487168)','03630980000326',NULL,NULL,NULL,NULL,'Verblijfsobject in gebruik',NULL,'Mutatie',NULL,'woning',9,'2023-06-20',NULL,'J','375','Premiewoningen (375)','0363200000461906',4,NULL,NULL,NULL,'1800','11',NULL,'GV00003372',NULL,NULL,NULL),
	 ('0363010000959579','2017-03-31',NULL,78,'1',NULL,2,3,false,'SRID=28992;POINT (124583 487133)','03630980000326',NULL,NULL,NULL,NULL,'Verblijfsobject in gebruik',NULL,'Mutatie',NULL,'woning',9,'2023-06-20',NULL,'J','375','Premiewoningen (375)','0363200000461955',4,NULL,NULL,NULL,'1800','11',NULL,'GV00003372',NULL,NULL,NULL),
	 ('0363010012063422','2023-11-23',NULL,64,'2',NULL,1,NULL,false,'SRID=28992;POINT (120399.953 487175.579)','03630980000034',NULL,NULL,2,2,'Verblijfsobject in gebruik',NULL,'Correctie opvoer',NULL,'kantoor in bedrijfsverzamelgebouw',13,'2023-11-23',NULL,'N',NULL,NULL,'0363200012063549',4,NULL,NULL,NULL,'3142','21',NULL,NULL,'100','Muteren naar aanleiding van signalering',NULL),
	 ('0363010000961571','2010-09-09',NULL,120,'0',NULL,NULL,NULL,false,'SRID=28992;POINT (121324 487612)','03630980000044',NULL,NULL,NULL,NULL,'Verblijfsobject in gebruik',NULL,'Mutatie',NULL,'kantoor',6,'2023-06-20',NULL,'N',NULL,NULL,'0363200000218808',4,NULL,NULL,NULL,'3141','11',NULL,'GV00000406',NULL,NULL,NULL),
	 ('0363010000979478','2010-09-09',NULL,1,'0',NULL,NULL,NULL,false,'SRID=28992;POINT (124567 487165)','03630980000326',NULL,NULL,NULL,NULL,'Verblijfsobject in gebruik',NULL,NULL,NULL,'woning',7,'2023-06-20',NULL,'N',NULL,NULL,'0363200000461929',4,NULL,NULL,NULL,'1800',NULL,NULL,'GV00000406','100','Muteren naar aanleiding van signalering',NULL);
INSERT INTO public.bag_verblijfsobject (identificatie,begingeldigheid,eindgeldigheid,oppervlakte,verdiepingtoegang,aantaleenhedencomplex,aantalbouwlagen,aantalkamers,geconstateerd,geometrie,ligtinbuurtid,gebruiksdoelgezondheidszorgfunctieomschrijving,gebruiksdoelwoonfunctieomschrijving,hoogstebouwlaag,laagstebouwlaag,statusomschrijving,redenafvoeromschrijving,redenopvoeromschrijving,eigendomsverhoudingomschrijving,feitelijkgebruikomschrijving,volgnummer,registratiedatum,cbsnummer,indicatiewoningvoorraad,financieringscodecode,financieringscodeomschrijving,heefthoofdadresid,statuscode,gebruiksdoelwoonfunctiecode,gebruiksdoelgezondheidszorgfunctiecode,eigendomsverhoudingcode,feitelijkgebruikcode,redenopvoercode,redenafvoercode,heeftdossierid,bagprocescode,bagprocesomschrijving,plusvolgnummer) VALUES
	 ('0363010000959595','2017-03-31',NULL,100,'1',NULL,3,4,false,'SRID=28992;POINT (124569 487134)','03630980000326',NULL,NULL,NULL,NULL,'Verblijfsobject in gebruik',NULL,'Mutatie',NULL,'woning',13,'2023-06-20',NULL,'J','500','Ongesubsidieerde bouw (500)','0363200000461944',4,NULL,NULL,NULL,'1800','11',NULL,'GV00003372','100','Muteren naar aanleiding van signalering',NULL),
	 ('0363010012150040','2019-10-04',NULL,87,'2',NULL,1,NULL,false,'SRID=28992;POINT (120366.207 487164.721)','03630980000034',NULL,NULL,2,2,'Verblijfsobject in gebruik',NULL,'Correctie opvoer',NULL,NULL,7,'2019-10-04',NULL,'N',NULL,NULL,'0363200012152053',4,NULL,NULL,NULL,NULL,'21',NULL,NULL,'106','Melding gebruiksgereed',NULL),
	 ('0363010012063438','2011-07-22',NULL,120,'2',NULL,1,99,false,'SRID=28992;POINT (120396.683 487151.087)','03630980000034',NULL,NULL,2,2,'Verblijfsobject ingetrokken','Correctie afvoer',NULL,'Huur',NULL,8,'2011-07-28',NULL,'J','500','Ongesubsidieerde bouw (500)','0363200012063565',5,NULL,NULL,'1',NULL,NULL,'49','SA00003589','135','Intrekken verblijfsobject',NULL),
	 ('0363010000959524','2017-03-31',NULL,93,'0',NULL,2,4,false,'SRID=28992;POINT (124650 487145)','03630980000326',NULL,NULL,NULL,NULL,'Verblijfsobject in gebruik',NULL,'Mutatie',NULL,'woning',9,'2023-06-20',NULL,'J','500','Ongesubsidieerde bouw (500)','0363200000461979',4,NULL,NULL,NULL,'1800','11',NULL,'GV00003372',NULL,NULL,NULL),
	 ('0363010000959535','2017-03-31',NULL,91,'2',NULL,2,4,false,'SRID=28992;POINT (124616 487138)','03630980000326',NULL,NULL,NULL,NULL,'Verblijfsobject in gebruik',NULL,'Mutatie',NULL,'woning',9,'2023-06-20',NULL,'J','500','Ongesubsidieerde bouw (500)','0363200000461968',4,NULL,NULL,NULL,'1800','11',NULL,'GV00003372',NULL,NULL,NULL),
	 ('0363010012064199','2011-07-22',NULL,360,'2',NULL,1,5,false,'SRID=28992;POINT (120394.481 487150.626)','03630980000034',NULL,NULL,2,2,'Verblijfsobject in gebruik',NULL,'Correctie opvoer',NULL,'woning',7,'2023-06-20',NULL,'N','500','Ongesubsidieerde bouw (500)','0363200012064339',4,NULL,NULL,NULL,'1800','21',NULL,'SA00003589',NULL,NULL,NULL),
	 ('0363010000979531','2017-03-31',NULL,123,'2',NULL,2,4,false,'SRID=28992;POINT (124643 487178)','03630980000326',NULL,NULL,NULL,NULL,'Verblijfsobject in gebruik',NULL,'Mutatie',NULL,'woning',9,'2023-06-20',NULL,'J','500','Ongesubsidieerde bouw (500)','0363200000461925',4,NULL,NULL,NULL,'1800','11',NULL,'GV00003372',NULL,NULL,NULL),
	 ('0363010000979485','2017-03-31',NULL,131,'0',NULL,1,4,false,'SRID=28992;POINT (124580 487167)','03630980000326',NULL,NULL,NULL,NULL,'Verblijfsobject in gebruik',NULL,'Mutatie',NULL,'woning',9,'2023-06-20',NULL,'J','500','Ongesubsidieerde bouw (500)','0363200000461901',4,NULL,NULL,NULL,'1800','11',NULL,'GV00003372',NULL,NULL,NULL),
	 ('0363010000979495','2017-03-31',NULL,82,'0',NULL,2,3,false,'SRID=28992;POINT (124594 487169)','03630980000326',NULL,NULL,NULL,NULL,'Verblijfsobject in gebruik',NULL,'Mutatie',NULL,'woning',9,'2023-06-20',NULL,'J','375','Premiewoningen (375)','0363200000461907',4,NULL,NULL,NULL,'1800','11',NULL,'GV00003372',NULL,NULL,NULL),
	 ('0363010012063420','2019-01-18',NULL,30,'1',NULL,1,NULL,false,'SRID=28992;POINT (120390.877 487146.802)','03630980000034',NULL,NULL,1,1,'Verblijfsobject in gebruik',NULL,'Correctie opvoer',NULL,'kantoor in bedrijfsverzamelgebouw',8,'2019-01-18',NULL,'N',NULL,NULL,'0363200012063547',4,NULL,NULL,NULL,'3142','21',NULL,'GV00004194','100','Muteren naar aanleiding van signalering',NULL);
INSERT INTO public.bag_verblijfsobject (identificatie,begingeldigheid,eindgeldigheid,oppervlakte,verdiepingtoegang,aantaleenhedencomplex,aantalbouwlagen,aantalkamers,geconstateerd,geometrie,ligtinbuurtid,gebruiksdoelgezondheidszorgfunctieomschrijving,gebruiksdoelwoonfunctieomschrijving,hoogstebouwlaag,laagstebouwlaag,statusomschrijving,redenafvoeromschrijving,redenopvoeromschrijving,eigendomsverhoudingomschrijving,feitelijkgebruikomschrijving,volgnummer,registratiedatum,cbsnummer,indicatiewoningvoorraad,financieringscodecode,financieringscodeomschrijving,heefthoofdadresid,statuscode,gebruiksdoelwoonfunctiecode,gebruiksdoelgezondheidszorgfunctiecode,eigendomsverhoudingcode,feitelijkgebruikcode,redenopvoercode,redenafvoercode,heeftdossierid,bagprocescode,bagprocesomschrijving,plusvolgnummer) VALUES
	 ('0363010000959530','2017-03-31',NULL,72,'2',NULL,1,3,false,'SRID=28992;POINT (124640 487146)','03630980000326',NULL,NULL,NULL,NULL,'Verblijfsobject in gebruik',NULL,'Mutatie',NULL,'woning',9,'2023-06-20',NULL,'J','375','Premiewoningen (375)','0363200000461973',4,NULL,NULL,NULL,'1800','11',NULL,'GV00003372',NULL,NULL,NULL),
	 ('0363010000979488','2017-03-31',NULL,78,'1',NULL,2,3,false,'SRID=28992;POINT (124580 487167)','03630980000326',NULL,NULL,NULL,NULL,'Verblijfsobject in gebruik',NULL,NULL,NULL,'woning',11,'2023-06-20',NULL,'J','375','Premiewoningen (375)','0363200000461904',4,NULL,NULL,NULL,'1800',NULL,NULL,'GV00003372',NULL,NULL,NULL),
	 ('0363010000804677','2014-09-03',NULL,68,'3',NULL,1,3,false,'SRID=28992;POINT (122475 486087)','03630980000078',NULL,NULL,NULL,NULL,'Verblijfsobject ingetrokken','Verdwenen door samenvoeging',NULL,'Huur','woning',11,'2014-09-04',NULL,'J','500','Ongesubsidieerde bouw (500)','0363200000263521',5,NULL,NULL,'1','1800',NULL,'43','SA00006897','110','Samenvoegen gereed',NULL),
	 ('0363010000959536','2010-09-09',NULL,86,'1',NULL,2,3,false,'SRID=28992;POINT (124616 487138)','03630980000326',NULL,NULL,NULL,NULL,'Verblijfsobject in gebruik',NULL,'Mutatie',NULL,'woning',6,'2023-06-20',NULL,'J','375','Premiewoningen (375)','0363200000461967',4,NULL,NULL,NULL,'1800','11',NULL,'GV00000406',NULL,NULL,NULL),
	 ('0363010012063434','2019-01-18',NULL,76,'0',NULL,1,NULL,false,'SRID=28992;POINT (120396.204 487147.737)','03630980000034',NULL,NULL,0,0,'Verblijfsobject in gebruik',NULL,'Correctie opvoer',NULL,'kantoor in bedrijfsverzamelgebouw',8,'2019-01-18',NULL,'N',NULL,NULL,'0363200012063561',4,NULL,NULL,NULL,'3142','21',NULL,'GV00004194','100','Muteren naar aanleiding van signalering',NULL),
	 ('0363010000959534','2017-03-31',NULL,93,'0',NULL,2,4,false,'SRID=28992;POINT (124622 487139)','03630980000326',NULL,NULL,NULL,NULL,'Verblijfsobject in gebruik',NULL,'Mutatie',NULL,'woning',9,'2023-06-20',NULL,'J','500','Ongesubsidieerde bouw (500)','0363200000461969',4,NULL,NULL,NULL,'1800','11',NULL,'GV00003372',NULL,NULL,NULL),
	 ('0363010000959529','2017-03-31',NULL,91,'2',NULL,2,4,false,'SRID=28992;POINT (124640 487145)','03630980000326',NULL,NULL,NULL,NULL,'Verblijfsobject in gebruik',NULL,'Mutatie',NULL,'woning',9,'2023-06-20',NULL,'J','500','Ongesubsidieerde bouw (500)','0363200000461974',4,NULL,NULL,NULL,'1800','11',NULL,'GV00003372',NULL,NULL,NULL),
	 ('0363010000959594','2017-03-31',NULL,56,'1',NULL,1,2,false,'SRID=28992;POINT (124569 487133)','03630980000326',NULL,NULL,NULL,NULL,'Verblijfsobject in gebruik',NULL,'Mutatie',NULL,'woning',10,'2023-06-20',NULL,'J','375','Premiewoningen (375)','0363200000461945',4,NULL,NULL,NULL,'1800','11',NULL,'GV00003372',NULL,NULL,NULL),
	 ('0363010000997015','2021-08-10',NULL,100,'1',NULL,NULL,NULL,false,'SRID=28992;POINT (124563 487165)','03630980000326',NULL,NULL,NULL,NULL,'Verblijfsobject in gebruik',NULL,'Mutatie',NULL,'kantoor',9,'2023-06-20',NULL,'N',NULL,NULL,'0363200000476864',4,NULL,NULL,NULL,'3141','11',NULL,'GV00006202',NULL,NULL,NULL),
	 ('0363010000979526','2012-08-09',NULL,54,'0',NULL,NULL,NULL,false,'SRID=28992;POINT (124643 487177)','03630980000326',NULL,NULL,NULL,NULL,'Verblijfsobject in gebruik',NULL,'Mutatie',NULL,'kantoor',9,'2023-06-20',NULL,'N',NULL,NULL,'0363200000461941',4,NULL,NULL,NULL,'3141','11',NULL,'GV00001551','100','Muteren naar aanleiding van signalering',NULL);
INSERT INTO public.bag_verblijfsobject (identificatie,begingeldigheid,eindgeldigheid,oppervlakte,verdiepingtoegang,aantaleenhedencomplex,aantalbouwlagen,aantalkamers,geconstateerd,geometrie,ligtinbuurtid,gebruiksdoelgezondheidszorgfunctieomschrijving,gebruiksdoelwoonfunctieomschrijving,hoogstebouwlaag,laagstebouwlaag,statusomschrijving,redenafvoeromschrijving,redenopvoeromschrijving,eigendomsverhoudingomschrijving,feitelijkgebruikomschrijving,volgnummer,registratiedatum,cbsnummer,indicatiewoningvoorraad,financieringscodecode,financieringscodeomschrijving,heefthoofdadresid,statuscode,gebruiksdoelwoonfunctiecode,gebruiksdoelgezondheidszorgfunctiecode,eigendomsverhoudingcode,feitelijkgebruikcode,redenopvoercode,redenafvoercode,heeftdossierid,bagprocescode,bagprocesomschrijving,plusvolgnummer) VALUES
	 ('0363010012063418','2019-01-18',NULL,126,'3',NULL,1,NULL,false,'SRID=28992;POINT (120391.936 487148.342)','03630980000034',NULL,NULL,3,3,'Verblijfsobject in gebruik',NULL,'Correctie opvoer',NULL,'kantoor in bedrijfsverzamelgebouw',8,'2019-01-18',NULL,'N',NULL,NULL,'0363200012063545',4,NULL,NULL,NULL,'3142','21',NULL,'GV00004194','100','Muteren naar aanleiding van signalering',NULL),
	 ('0363010000979520','2017-03-31',NULL,93,'0',NULL,2,4,false,'SRID=28992;POINT (124629 487176)','03630980000326',NULL,NULL,NULL,NULL,'Verblijfsobject in gebruik',NULL,'Mutatie',NULL,'woning',11,'2023-06-20',NULL,'J','375','Premiewoningen (375)','0363200000461919',4,NULL,NULL,NULL,'1800','11',NULL,'GV00003372','100','Muteren naar aanleiding van signalering',NULL),
	 ('0363010000959582','2017-03-31',NULL,100,'0',NULL,1,5,false,'SRID=28992;POINT (124583 487135)','03630980000326',NULL,NULL,NULL,NULL,'Verblijfsobject in gebruik',NULL,'Mutatie',NULL,'woning',9,'2023-06-20',NULL,'J','500','Ongesubsidieerde bouw (500)','0363200000461952',4,NULL,NULL,NULL,'1800','11',NULL,'GV00003372',NULL,NULL,NULL),
	 ('0363010000979379','2020-07-30',NULL,100,'0',NULL,NULL,NULL,false,'SRID=28992;POINT (124554 487163)','03630980000326',NULL,NULL,NULL,NULL,'Verblijfsobject in gebruik',NULL,'Mutatie',NULL,'kantoor',9,'2023-06-20',NULL,'N',NULL,NULL,'0363200000461926',4,NULL,NULL,NULL,'3141','11',NULL,'GV00006084',NULL,NULL,NULL),
	 ('0363010000959569','2010-09-09',NULL,26,'0',NULL,NULL,NULL,false,'SRID=28992;POINT (124598 487135)','03630980000326',NULL,NULL,NULL,NULL,'Verblijfsobject in gebruik',NULL,'Mutatie',NULL,'kantoor',6,'2023-06-20',NULL,'N',NULL,NULL,'0363200000461985',4,NULL,NULL,NULL,'3141','11',NULL,'GV00000406',NULL,NULL,NULL),
	 ('0363010000997016','2017-03-31',NULL,106,'1',NULL,2,3,false,'SRID=28992;POINT (124563 487165)','03630980000326',NULL,NULL,NULL,NULL,'Verblijfsobject in gebruik',NULL,'Mutatie',NULL,'woning',12,'2023-06-20',NULL,'J','375','Premiewoningen (375)','0363200000476866',4,NULL,NULL,NULL,'1800','11',NULL,'GV00003372','100','Muteren naar aanleiding van signalering',NULL),
	 ('0363010000719557','2011-05-30',NULL,71,'99',NULL,1,1,false,'SRID=28992;POINT (120395 487147)','03630980000034',NULL,NULL,NULL,NULL,'Verblijfsobject ingetrokken','Correctie afvoer','Mutatie','Huur','woning',8,'2011-06-14',NULL,'J','500','Ongesubsidieerde bouw (500)','0363200000415911',5,NULL,NULL,'1','1800','11','49','SA00003543','135','Intrekken verblijfsobject',NULL),
	 ('0363010000979509','2017-03-31',NULL,108,'0',NULL,2,4,false,'SRID=28992;POINT (124618 487173)','03630980000326',NULL,NULL,NULL,NULL,'Verblijfsobject in gebruik',NULL,'Mutatie',NULL,'woning',9,'2023-06-20',NULL,'J','375','Premiewoningen (375)','0363200000461914',4,NULL,NULL,NULL,'1800','11',NULL,'GV00003372',NULL,NULL,NULL),
	 ('0363010000979529','2023-02-14',NULL,1,'2',NULL,NULL,NULL,false,'SRID=28992;POINT (124643 487178)','03630980000326',NULL,NULL,NULL,NULL,'Verblijfsobject ingetrokken','Verdwenen door samenvoeging',NULL,'Eigendom','woning',10,'2023-02-14',NULL,'N',NULL,NULL,'0363200000461943',5,NULL,NULL,'2','1800',NULL,'43','SM00001800','135','Intrekken verblijfsobject',NULL),
	 ('0363010000959532','2017-03-31',NULL,95,'0',NULL,2,4,false,'SRID=28992;POINT (124631 487141)','03630980000326',NULL,NULL,NULL,NULL,'Verblijfsobject in gebruik',NULL,'Mutatie',NULL,'woning',9,'2023-06-20',NULL,'J','375','Premiewoningen (375)','0363200000461971',4,NULL,NULL,NULL,'1800','11',NULL,'GV00003372',NULL,NULL,NULL);
INSERT INTO public.bag_verblijfsobject (identificatie,begingeldigheid,eindgeldigheid,oppervlakte,verdiepingtoegang,aantaleenhedencomplex,aantalbouwlagen,aantalkamers,geconstateerd,geometrie,ligtinbuurtid,gebruiksdoelgezondheidszorgfunctieomschrijving,gebruiksdoelwoonfunctieomschrijving,hoogstebouwlaag,laagstebouwlaag,statusomschrijving,redenafvoeromschrijving,redenopvoeromschrijving,eigendomsverhoudingomschrijving,feitelijkgebruikomschrijving,volgnummer,registratiedatum,cbsnummer,indicatiewoningvoorraad,financieringscodecode,financieringscodeomschrijving,heefthoofdadresid,statuscode,gebruiksdoelwoonfunctiecode,gebruiksdoelgezondheidszorgfunctiecode,eigendomsverhoudingcode,feitelijkgebruikcode,redenopvoercode,redenafvoercode,heeftdossierid,bagprocescode,bagprocesomschrijving,plusvolgnummer) VALUES
	 ('0363010012063416','2019-01-18',NULL,70,'1',NULL,1,NULL,false,'SRID=28992;POINT (120393.573 487149.113)','03630980000034',NULL,NULL,1,1,'Verblijfsobject in gebruik',NULL,'Correctie opvoer',NULL,'kantoor in bedrijfsverzamelgebouw',9,'2019-01-18',NULL,'N',NULL,NULL,'0363200012063543',4,NULL,NULL,NULL,'3142','21',NULL,'GV00004194','100','Muteren naar aanleiding van signalering',NULL),
	 ('0363010000979524','2017-03-31',NULL,91,'0',NULL,2,4,false,'SRID=28992;POINT (124643 487177)','03630980000326',NULL,NULL,NULL,NULL,'Verblijfsobject in gebruik',NULL,'Mutatie',NULL,'woning',9,'2023-06-20',NULL,'J','375','Premiewoningen (375)','0363200000461922',4,NULL,NULL,NULL,'1800','11',NULL,'GV00003372',NULL,NULL,NULL),
	 ('0363010000959597','2010-09-09',NULL,1,'0',NULL,NULL,NULL,false,'SRID=28992;POINT (124562 487128)','03630980000326',NULL,NULL,NULL,NULL,'Verblijfsobject in gebruik',NULL,'Mutatie',NULL,'café / bar / restaurant',6,'2023-06-20',NULL,'N',NULL,NULL,'0363200000461981',4,NULL,NULL,NULL,'3122','11',NULL,'GV00000406',NULL,NULL,NULL),
	 ('0363010000959527','2010-09-09',NULL,86,'1',NULL,2,3,false,'SRID=28992;POINT (124640 487143)','03630980000326',NULL,NULL,NULL,NULL,'Verblijfsobject in gebruik',NULL,'Mutatie',NULL,'woning',6,'2023-06-20',NULL,'J','375','Premiewoningen (375)','0363200000461976',4,NULL,NULL,NULL,'1800','11',NULL,'GV00000406',NULL,NULL,NULL),
	 ('0363010000979381','2017-03-31',NULL,100,'1',NULL,3,3,false,'SRID=28992;POINT (124563 487165)','03630980000326',NULL,NULL,NULL,NULL,'Verblijfsobject in gebruik',NULL,'Mutatie',NULL,'woning',9,'2023-06-20',NULL,'J','375','Premiewoningen (375)','0363200000461894',4,NULL,NULL,NULL,'1800','11',NULL,'GV00003372',NULL,NULL,NULL),
	 ('0363010012171416','2022-01-12',NULL,154,'0',NULL,3,5,false,'SRID=28992;POINT (124610 487172)','03630980000326',NULL,NULL,2,0,'Verblijfsobject in gebruik',NULL,'Ontstaan door samenvoeging',NULL,'woning',8,'2023-06-20',NULL,'J','500','Ongesubsidieerde bouw (500)','0363200012173592',4,NULL,NULL,NULL,'1800','32',NULL,'SM00001754','110','Samenvoegen gereed',NULL),
	 ('0363010000959584','2017-03-31',NULL,100,'0',NULL,1,5,false,'SRID=28992;POINT (124583 487137)','03630980000326',NULL,NULL,NULL,NULL,'Verblijfsobject in gebruik',NULL,'Mutatie',NULL,'woning',9,'2023-06-20',NULL,'J','500','Ongesubsidieerde bouw (500)','0363200000461951',4,NULL,NULL,NULL,'1800','11',NULL,'GV00003372',NULL,NULL,NULL),
	 ('0363010000959531','2017-03-31',NULL,80,'0',NULL,2,3,false,'SRID=28992;POINT (124639 487147)','03630980000326',NULL,NULL,NULL,NULL,'Verblijfsobject in gebruik',NULL,'Mutatie',NULL,'woning',9,'2023-06-20',NULL,'J','375','Premiewoningen (375)','0363200000461972',4,NULL,NULL,NULL,'1800','11',NULL,'GV00003372',NULL,NULL,NULL),
	 ('0363010012063437','2011-07-22',NULL,150,'2',NULL,1,99,false,'SRID=28992;POINT (120397.64 487151.326)','03630980000034',NULL,NULL,2,2,'Verblijfsobject ingetrokken','Correctie afvoer',NULL,'Huur',NULL,8,'2011-07-28',NULL,'J','500','Ongesubsidieerde bouw (500)','0363200012063564',5,NULL,NULL,'1',NULL,NULL,'49','SA00003589','135','Intrekken verblijfsobject',NULL),
	 ('0363010000979530','2023-02-14',NULL,139,'2',NULL,3,5,false,'SRID=28992;POINT (124643 487178)','03630980000326',NULL,NULL,3,1,'Verblijfsobject in gebruik',NULL,'Ontstaan door samenvoeging',NULL,'woning',12,'2023-06-20',NULL,'J','500','Ongesubsidieerde bouw (500)','0363200000461924',4,NULL,NULL,NULL,'1800','32',NULL,'SM00001800',NULL,NULL,NULL);
INSERT INTO public.bag_verblijfsobject (identificatie,begingeldigheid,eindgeldigheid,oppervlakte,verdiepingtoegang,aantaleenhedencomplex,aantalbouwlagen,aantalkamers,geconstateerd,geometrie,ligtinbuurtid,gebruiksdoelgezondheidszorgfunctieomschrijving,gebruiksdoelwoonfunctieomschrijving,hoogstebouwlaag,laagstebouwlaag,statusomschrijving,redenafvoeromschrijving,redenopvoeromschrijving,eigendomsverhoudingomschrijving,feitelijkgebruikomschrijving,volgnummer,registratiedatum,cbsnummer,indicatiewoningvoorraad,financieringscodecode,financieringscodeomschrijving,heefthoofdadresid,statuscode,gebruiksdoelwoonfunctiecode,gebruiksdoelgezondheidszorgfunctiecode,eigendomsverhoudingcode,feitelijkgebruikcode,redenopvoercode,redenafvoercode,heeftdossierid,bagprocescode,bagprocesomschrijving,plusvolgnummer) VALUES
	 ('0363010000672829','2013-02-09',NULL,37,'1',NULL,1,2,false,'SRID=28992;POINT (122743 486994)','03630980000086',NULL,NULL,NULL,NULL,'Verblijfsobject in gebruik',NULL,'Mutatie',NULL,'woning',9,'2023-06-20',NULL,'J','500','Ongesubsidieerde bouw (500)','0363200000134812',4,NULL,NULL,NULL,'1800','11',NULL,'GV00001616','100','Muteren naar aanleiding van signalering',NULL),
	 ('0363010012127848','2017-11-06',NULL,28,'0',NULL,1,NULL,false,'SRID=28992;POINT (124555.208 487147.916)','03630980000326',NULL,NULL,0,0,'Verblijfsobject in gebruik',NULL,'Ontstaan door splitsing',NULL,'winkel',9,'2023-06-20',NULL,'N',NULL,NULL,'0363200012129748',4,NULL,NULL,NULL,'3111','33',NULL,'SM00001649','106','Melding gebruiksgereed',NULL);


--
-- Data for Name: bag_nummeraanduiding; Type: TABLE DATA; Schema: public; Owner: iiif_metadata_server
--
INSERT INTO public.bag_nummeraanduiding (identificatie,begingeldigheid,eindgeldigheid,huisnummer,huisletter,huisnummertoevoeging,postcode,typeadres,statusomschrijving,volgnummer,registratiedatum,geconstateerd,ligtinwoonplaatsid,typeadresseerbaarobjectcode,typeadresseerbaarobjectomschrijving,statuscode,heeftdossierid,bagprocescode,bagprocesomschrijving,adresseertligplaatsid,ligtaanopenbareruimteid,adresseertstandplaatsid,adresseertverblijfsobjectid,plusvolgnummer) VALUES
	 ('0363200000016558','2010-11-17 00:00:00.000',NULL,10,NULL,'2','1016PE','Hoofdadres','Naamgeving ingetrokken',6,'2010-12-22 09:31:34.000',false,'3594','1','Verblijfsobject','2','SA00003379','135','Intrekken verblijfsobject',NULL,'0363300000002594',NULL,'0363010000553680',NULL),
	 ('0363200000134811','2014-06-20 00:00:00.000',NULL,40,NULL,'H','1018BM','Hoofdadres','Naamgeving uitgegeven',7,'2014-06-20 21:12:20.000',false,'3594','1','Verblijfsobject','1','GV00001876',NULL,NULL,NULL,'0363300000003592',NULL,'0363010000672828',NULL),
	 ('0363200000134812','2014-06-20 00:00:00.000',NULL,40,NULL,'1','1018BM','Hoofdadres','Naamgeving uitgegeven',7,'2014-06-20 21:12:23.000',false,'3594','1','Verblijfsobject','1','GV00001876',NULL,NULL,NULL,'0363300000003592',NULL,'0363010000672829',NULL),
	 ('0363200000134813','1005-01-01 00:40:28.000',NULL,40,NULL,'2','1018BM','Hoofdadres','Naamgeving uitgegeven',3,'2010-10-24 14:07:16.000',false,'3594','1','Verblijfsobject','1','GV00000402',NULL,NULL,NULL,'0363300000003592',NULL,'0363010000672830',NULL),
	 ('0363200000134814','1005-01-01 00:40:28.000',NULL,40,NULL,'3','1018BM','Hoofdadres','Naamgeving uitgegeven',3,'2010-10-24 14:07:16.000',false,'3594','1','Verblijfsobject','1','GV00000402',NULL,NULL,NULL,'0363300000003592',NULL,'0363010000672831',NULL),
	 ('0363200000263521','2014-09-03 00:00:00.000',NULL,101,NULL,'3','1018GA','Hoofdadres','Naamgeving ingetrokken',6,'2014-09-04 17:10:04.000',false,'3594','1','Verblijfsobject','2','SA00006897','110','Samenvoegen gereed',NULL,'0363300000004461',NULL,'0363010000804677',NULL),
	 ('0363200000415910','2011-05-30 00:00:00.000',NULL,116,NULL,'H','1016RR','Hoofdadres','Naamgeving ingetrokken',6,'2011-06-14 11:27:14.000',false,'3594','1','Verblijfsobject','2','SA00003543','135','Intrekken verblijfsobject',NULL,'0363300000004136',NULL,'0363010000719556',NULL),
	 ('0363200000461894','1997-03-28 00:00:00.000',NULL,6,NULL,NULL,'1019KR','Hoofdadres','Naamgeving uitgegeven',3,'2010-10-26 23:09:02.000',false,'3594','1','Verblijfsobject','1','GV00000402',NULL,NULL,NULL,'0363300000001026',NULL,'0363010000979381',NULL),
	 ('0363200000461895','1997-03-28 00:00:00.000',NULL,10,NULL,NULL,'1019KR','Hoofdadres','Naamgeving uitgegeven',3,'2010-10-25 21:43:53.000',false,'3594','1','Verblijfsobject','1','GV00000402',NULL,NULL,NULL,'0363300000001026',NULL,'0363010000979472',NULL),
	 ('0363200000461897','1997-03-28 00:00:00.000',NULL,14,NULL,NULL,'1019KR','Hoofdadres','Naamgeving uitgegeven',3,'2010-10-27 00:12:09.000',false,'3594','1','Verblijfsobject','1','GV00000402',NULL,NULL,NULL,'0363300000001026',NULL,'0363010000979477',NULL);
INSERT INTO public.bag_nummeraanduiding (identificatie,begingeldigheid,eindgeldigheid,huisnummer,huisletter,huisnummertoevoeging,postcode,typeadres,statusomschrijving,volgnummer,registratiedatum,geconstateerd,ligtinwoonplaatsid,typeadresseerbaarobjectcode,typeadresseerbaarobjectomschrijving,statuscode,heeftdossierid,bagprocescode,bagprocesomschrijving,adresseertligplaatsid,ligtaanopenbareruimteid,adresseertstandplaatsid,adresseertverblijfsobjectid,plusvolgnummer) VALUES
	 ('0363200000461898','1997-03-28 00:00:00.000',NULL,18,NULL,NULL,'1019KR','Hoofdadres','Naamgeving uitgegeven',3,'2010-10-25 21:43:57.000',false,'3594','1','Verblijfsobject','1','GV00000402',NULL,NULL,NULL,'0363300000001026',NULL,'0363010000979481',NULL),
	 ('0363200000461899','1997-03-28 00:00:00.000',NULL,20,NULL,NULL,'1019KR','Hoofdadres','Naamgeving uitgegeven',3,'2010-10-27 00:12:10.000',false,'3594','1','Verblijfsobject','1','GV00000402',NULL,NULL,NULL,'0363300000001026',NULL,'0363010000979482',NULL),
	 ('0363200000461900','1997-03-28 00:00:00.000',NULL,24,NULL,NULL,'1019KR','Hoofdadres','Naamgeving uitgegeven',3,'2010-10-25 21:43:58.000',false,'3594','1','Verblijfsobject','1','GV00000402',NULL,NULL,NULL,'0363300000001026',NULL,'0363010000979484',NULL),
	 ('0363200000461901','1997-03-28 00:00:00.000',NULL,26,NULL,NULL,'1019KR','Hoofdadres','Naamgeving uitgegeven',3,'2010-10-27 00:17:42.000',false,'3594','1','Verblijfsobject','1','GV00000402',NULL,NULL,NULL,'0363300000001026',NULL,'0363010000979485',NULL),
	 ('0363200000461902','1997-03-28 00:00:00.000',NULL,28,NULL,NULL,'1019KR','Hoofdadres','Naamgeving uitgegeven',3,'2010-10-25 21:43:59.000',false,'3594','1','Verblijfsobject','1','GV00000402',NULL,NULL,NULL,'0363300000001026',NULL,'0363010000979486',NULL),
	 ('0363200000461903','1997-03-28 00:00:00.000',NULL,30,NULL,NULL,'1019KR','Hoofdadres','Naamgeving uitgegeven',3,'2010-10-25 21:43:59.000',false,'3594','1','Verblijfsobject','1','GV00000402',NULL,NULL,NULL,'0363300000001026',NULL,'0363010000979487',NULL),
	 ('0363200000461904','1997-03-28 00:00:00.000',NULL,32,NULL,NULL,'1019KR','Hoofdadres','Naamgeving uitgegeven',3,'2010-10-25 21:44:00.000',false,'3594','1','Verblijfsobject','1','GV00000402',NULL,NULL,NULL,'0363300000001026',NULL,'0363010000979488',NULL),
	 ('0363200000461905','1997-03-28 00:00:00.000',NULL,34,NULL,NULL,'1019KR','Hoofdadres','Naamgeving uitgegeven',3,'2010-10-25 21:44:24.000',false,'3594','1','Verblijfsobject','1','GV00000402',NULL,NULL,NULL,'0363300000001026',NULL,'0363010000979490',NULL),
	 ('0363200000461906','1997-03-28 00:00:00.000',NULL,38,NULL,NULL,'1019KR','Hoofdadres','Naamgeving uitgegeven',3,'2010-10-25 21:44:26.000',false,'3594','1','Verblijfsobject','1','GV00000402',NULL,NULL,NULL,'0363300000001026',NULL,'0363010000979493',NULL),
	 ('0363200000461907','1997-03-28 00:00:00.000',NULL,40,NULL,NULL,'1019KR','Hoofdadres','Naamgeving uitgegeven',3,'2010-10-25 21:44:26.000',false,'3594','1','Verblijfsobject','1','GV00000402',NULL,NULL,NULL,'0363300000001026',NULL,'0363010000979495',NULL);
INSERT INTO public.bag_nummeraanduiding (identificatie,begingeldigheid,eindgeldigheid,huisnummer,huisletter,huisnummertoevoeging,postcode,typeadres,statusomschrijving,volgnummer,registratiedatum,geconstateerd,ligtinwoonplaatsid,typeadresseerbaarobjectcode,typeadresseerbaarobjectomschrijving,statuscode,heeftdossierid,bagprocescode,bagprocesomschrijving,adresseertligplaatsid,ligtaanopenbareruimteid,adresseertstandplaatsid,adresseertverblijfsobjectid,plusvolgnummer) VALUES
	 ('0363200000461908','1997-03-28 00:00:00.000',NULL,44,NULL,NULL,'1019KR','Hoofdadres','Naamgeving uitgegeven',3,'2010-10-25 21:44:28.000',false,'3594','1','Verblijfsobject','1','GV00000402',NULL,NULL,NULL,'0363300000001026',NULL,'0363010000979497',NULL),
	 ('0363200000461909','1997-03-28 00:00:00.000',NULL,46,NULL,NULL,'1019KR','Hoofdadres','Naamgeving uitgegeven',3,'2010-10-25 21:44:29.000',false,'3594','1','Verblijfsobject','1','GV00000402',NULL,NULL,NULL,'0363300000001026',NULL,'0363010000979499',NULL),
	 ('0363200000461910','1997-03-28 00:00:00.000',NULL,48,NULL,NULL,'1019KR','Hoofdadres','Naamgeving uitgegeven',3,'2010-10-25 21:44:30.000',false,'3594','1','Verblijfsobject','1','GV00000402',NULL,NULL,NULL,'0363300000001026',NULL,'0363010000979500',NULL),
	 ('0363200000461911','1997-03-28 00:00:00.000',NULL,50,NULL,NULL,'1019KR','Hoofdadres','Naamgeving uitgegeven',3,'2010-10-25 21:44:30.000',false,'3594','1','Verblijfsobject','1','GV00000402',NULL,NULL,NULL,'0363300000001026',NULL,'0363010000979503',NULL),
	 ('0363200000461912','2022-01-12 00:00:00.000',NULL,54,NULL,NULL,'1019KR','Hoofdadres','Naamgeving ingetrokken',6,'2022-01-12 08:44:14.000',false,'3594','1','Verblijfsobject','2','SM00001754','110','Samenvoegen gereed',NULL,'0363300000001026',NULL,'0363010000979505',NULL),
	 ('0363200000461913','1997-03-28 00:00:00.000',NULL,58,NULL,NULL,'1019KR','Hoofdadres','Naamgeving uitgegeven',3,'2010-10-25 21:44:31.000',false,'3594','1','Verblijfsobject','1','GV00000402',NULL,NULL,NULL,'0363300000001026',NULL,'0363010000979507',NULL),
	 ('0363200000461914','1997-03-28 00:00:00.000',NULL,62,NULL,NULL,'1019KR','Hoofdadres','Naamgeving uitgegeven',3,'2010-10-25 21:44:32.000',false,'3594','1','Verblijfsobject','1','GV00000402',NULL,NULL,NULL,'0363300000001026',NULL,'0363010000979509',NULL),
	 ('0363200000461915','1997-03-28 00:00:00.000',NULL,66,NULL,NULL,'1019KR','Hoofdadres','Naamgeving uitgegeven',3,'2010-10-25 21:44:33.000',false,'3594','1','Verblijfsobject','1','GV00000402',NULL,NULL,NULL,'0363300000001026',NULL,'0363010000979512',NULL),
	 ('0363200000461916','1997-03-28 00:00:00.000',NULL,68,NULL,NULL,'1019KR','Hoofdadres','Naamgeving uitgegeven',3,'2010-10-26 23:21:42.000',false,'3594','1','Verblijfsobject','1','GV00000402',NULL,NULL,NULL,'0363300000001026',NULL,'0363010000979513',NULL),
	 ('0363200000461917','1997-03-28 00:00:00.000',NULL,72,NULL,NULL,'1019KR','Hoofdadres','Naamgeving uitgegeven',3,'2010-10-25 21:44:34.000',false,'3594','1','Verblijfsobject','1','GV00000402',NULL,NULL,NULL,'0363300000001026',NULL,'0363010000979516',NULL);
INSERT INTO public.bag_nummeraanduiding (identificatie,begingeldigheid,eindgeldigheid,huisnummer,huisletter,huisnummertoevoeging,postcode,typeadres,statusomschrijving,volgnummer,registratiedatum,geconstateerd,ligtinwoonplaatsid,typeadresseerbaarobjectcode,typeadresseerbaarobjectomschrijving,statuscode,heeftdossierid,bagprocescode,bagprocesomschrijving,adresseertligplaatsid,ligtaanopenbareruimteid,adresseertstandplaatsid,adresseertverblijfsobjectid,plusvolgnummer) VALUES
	 ('0363200000461918','1997-03-28 00:00:00.000',NULL,76,NULL,NULL,'1019KR','Hoofdadres','Naamgeving uitgegeven',3,'2010-10-25 21:40:30.000',false,'3594','1','Verblijfsobject','1','GV00000402',NULL,NULL,NULL,'0363300000001026',NULL,'0363010000979519',NULL),
	 ('0363200000461919','1997-03-28 00:00:00.000',NULL,78,NULL,NULL,'1019KR','Hoofdadres','Naamgeving uitgegeven',3,'2010-10-25 21:40:31.000',false,'3594','1','Verblijfsobject','1','GV00000402',NULL,NULL,NULL,'0363300000001026',NULL,'0363010000979520',NULL),
	 ('0363200000461920','1997-03-28 00:00:00.000',NULL,80,NULL,NULL,'1019KR','Hoofdadres','Naamgeving uitgegeven',3,'2010-10-26 07:40:00.000',false,'3594','1','Verblijfsobject','1','GV00000402',NULL,NULL,NULL,'0363300000001026',NULL,'0363010000979521',NULL),
	 ('0363200000461922','1997-03-28 00:00:00.000',NULL,86,NULL,NULL,'1019KR','Hoofdadres','Naamgeving uitgegeven',3,'2010-10-25 21:40:32.000',false,'3594','1','Verblijfsobject','1','GV00000402',NULL,NULL,NULL,'0363300000001026',NULL,'0363010000979524',NULL),
	 ('0363200000461923','1997-03-28 00:00:00.000',NULL,94,NULL,NULL,'1019KR','Hoofdadres','Naamgeving uitgegeven',3,'2010-10-26 22:55:16.000',false,'3594','1','Verblijfsobject','1','GV00000402',NULL,NULL,NULL,'0363300000001026',NULL,'0363010000979528',NULL),
	 ('0363200000461924','1997-03-28 00:00:00.000',NULL,98,NULL,NULL,'1019KR','Hoofdadres','Naamgeving uitgegeven',3,'2010-10-26 23:21:45.000',false,'3594','1','Verblijfsobject','1','GV00000402',NULL,NULL,NULL,'0363300000001026',NULL,'0363010000979530',NULL),
	 ('0363200000461925','1997-03-28 00:00:00.000',NULL,100,NULL,NULL,'1019KR','Hoofdadres','Naamgeving uitgegeven',3,'2010-10-25 21:40:34.000',false,'3594','1','Verblijfsobject','1','GV00000402',NULL,NULL,NULL,'0363300000001026',NULL,'0363010000979531',NULL),
	 ('0363200000461926','1997-03-28 00:00:00.000',NULL,2,NULL,NULL,'1019KR','Hoofdadres','Naamgeving uitgegeven',3,'2010-10-25 23:01:08.000',false,'3594','1','Verblijfsobject','1','GV00000402',NULL,NULL,NULL,'0363300000001026',NULL,'0363010000979379',NULL),
	 ('0363200000461929','1997-03-28 00:00:00.000',NULL,16,NULL,NULL,'1019KR','Hoofdadres','Naamgeving uitgegeven',3,'2010-10-25 21:43:55.000',false,'3594','1','Verblijfsobject','1','GV00000402',NULL,NULL,NULL,'0363300000001026',NULL,'0363010000979478',NULL),
	 ('0363200000461930','1997-03-28 00:00:00.000',NULL,22,NULL,NULL,'1019KR','Hoofdadres','Naamgeving uitgegeven',3,'2010-10-25 21:43:57.000',false,'3594','1','Verblijfsobject','1','GV00000402',NULL,NULL,NULL,'0363300000001026',NULL,'0363010000979483',NULL);
INSERT INTO public.bag_nummeraanduiding (identificatie,begingeldigheid,eindgeldigheid,huisnummer,huisletter,huisnummertoevoeging,postcode,typeadres,statusomschrijving,volgnummer,registratiedatum,geconstateerd,ligtinwoonplaatsid,typeadresseerbaarobjectcode,typeadresseerbaarobjectomschrijving,statuscode,heeftdossierid,bagprocescode,bagprocesomschrijving,adresseertligplaatsid,ligtaanopenbareruimteid,adresseertstandplaatsid,adresseertverblijfsobjectid,plusvolgnummer) VALUES
	 ('0363200000461931','1997-03-28 00:00:00.000',NULL,36,NULL,NULL,'1019KR','Hoofdadres','Naamgeving uitgegeven',3,'2010-10-26 23:17:05.000',false,'3594','1','Verblijfsobject','1','GV00000402',NULL,NULL,NULL,'0363300000001026',NULL,'0363010000979491',NULL),
	 ('0363200000461932','1997-03-28 00:00:00.000',NULL,42,NULL,NULL,'1019KR','Hoofdadres','Naamgeving uitgegeven',3,'2010-10-25 21:44:27.000',false,'3594','1','Verblijfsobject','1','GV00000402',NULL,NULL,NULL,'0363300000001026',NULL,'0363010000979496',NULL),
	 ('0363200000461933','1997-03-28 00:00:00.000',NULL,52,NULL,NULL,'1019KR','Hoofdadres','Naamgeving uitgegeven',3,'2010-10-26 07:39:50.000',false,'3594','1','Verblijfsobject','1','GV00000402',NULL,NULL,NULL,'0363300000001026',NULL,'0363010000979504',NULL),
	 ('0363200000461934','2022-01-12 00:00:00.000',NULL,56,NULL,NULL,'1019KR','Hoofdadres','Naamgeving ingetrokken',6,'2022-01-12 08:44:16.000',false,'3594','1','Verblijfsobject','2','SM00001754','110','Samenvoegen gereed',NULL,'0363300000001026',NULL,'0363010000979506',NULL),
	 ('0363200000461935','1997-03-28 00:00:00.000',NULL,60,NULL,NULL,'1019KR','Hoofdadres','Naamgeving uitgegeven',3,'2010-10-26 23:21:42.000',false,'3594','1','Verblijfsobject','1','GV00000402',NULL,NULL,NULL,'0363300000001026',NULL,'0363010000979508',NULL),
	 ('0363200000461936','1997-03-28 00:00:00.000',NULL,64,NULL,NULL,'1019KR','Hoofdadres','Naamgeving uitgegeven',3,'2010-10-25 21:44:32.000',false,'3594','1','Verblijfsobject','1','GV00000402',NULL,NULL,NULL,'0363300000001026',NULL,'0363010000979510',NULL),
	 ('0363200000461937','1997-12-01 00:00:00.000',NULL,70,NULL,NULL,'1019KR','Hoofdadres','Naamgeving uitgegeven',3,'2010-10-25 21:44:33.000',false,'3594','1','Verblijfsobject','1','GV00000402',NULL,NULL,NULL,'0363300000001026',NULL,'0363010000979515',NULL),
	 ('0363200000461938','1997-03-28 00:00:00.000',NULL,74,NULL,NULL,'1019KR','Hoofdadres','Naamgeving uitgegeven',3,'2010-10-25 21:44:34.000',false,'3594','1','Verblijfsobject','1','GV00000402',NULL,NULL,NULL,'0363300000001026',NULL,'0363010000979518',NULL),
	 ('0363200000461939','1997-03-28 00:00:00.000',NULL,82,NULL,NULL,'1019KR','Hoofdadres','Naamgeving uitgegeven',3,'2010-10-26 23:21:44.000',false,'3594','1','Verblijfsobject','1','GV00000402',NULL,NULL,NULL,'0363300000001026',NULL,'0363010000979522',NULL),
	 ('0363200000461940','1997-03-28 00:00:00.000',NULL,88,NULL,NULL,'1019KR','Hoofdadres','Naamgeving uitgegeven',3,'2010-10-26 23:21:44.000',false,'3594','1','Verblijfsobject','1','GV00000402',NULL,NULL,NULL,'0363300000001026',NULL,'0363010000979525',NULL);
INSERT INTO public.bag_nummeraanduiding (identificatie,begingeldigheid,eindgeldigheid,huisnummer,huisletter,huisnummertoevoeging,postcode,typeadres,statusomschrijving,volgnummer,registratiedatum,geconstateerd,ligtinwoonplaatsid,typeadresseerbaarobjectcode,typeadresseerbaarobjectomschrijving,statuscode,heeftdossierid,bagprocescode,bagprocesomschrijving,adresseertligplaatsid,ligtaanopenbareruimteid,adresseertstandplaatsid,adresseertverblijfsobjectid,plusvolgnummer) VALUES
	 ('0363200000461941','1997-03-28 00:00:00.000',NULL,90,NULL,NULL,'1019KR','Hoofdadres','Naamgeving uitgegeven',3,'2010-10-25 21:40:32.000',false,'3594','1','Verblijfsobject','1','GV00000402',NULL,NULL,NULL,'0363300000001026',NULL,'0363010000979526',NULL),
	 ('0363200000461942','1997-03-28 00:00:00.000',NULL,92,NULL,NULL,'1019KR','Hoofdadres','Naamgeving uitgegeven',3,'2010-10-25 21:40:33.000',false,'3594','1','Verblijfsobject','1','GV00000402',NULL,NULL,NULL,'0363300000001026',NULL,'0363010000979527',NULL),
	 ('0363200000461943','2023-02-14 00:00:00.000',NULL,96,NULL,NULL,'1019KR','Hoofdadres','Naamgeving ingetrokken',6,'2023-02-14 08:17:54.000',false,'3594','1','Verblijfsobject','2','SM00001800','135','Intrekken verblijfsobject',NULL,'0363300000001026',NULL,'0363010000979529',NULL),
	 ('0363200000461944','1997-03-27 00:00:00.000',NULL,3,NULL,NULL,'1019KS','Hoofdadres','Naamgeving uitgegeven',3,'2010-10-26 22:36:16.000',false,'3594','1','Verblijfsobject','1','GV00000402',NULL,NULL,NULL,'0363300000002177',NULL,'0363010000959595',NULL),
	 ('0363200000461945','1997-03-27 00:00:00.000',NULL,5,NULL,NULL,'1019KS','Hoofdadres','Naamgeving uitgegeven',3,'2010-10-26 02:11:57.000',false,'3594','1','Verblijfsobject','1','GV00000402',NULL,NULL,NULL,'0363300000002177',NULL,'0363010000959594',NULL),
	 ('0363200000461946','1997-03-27 00:00:00.000',NULL,7,NULL,NULL,'1019KS','Hoofdadres','Naamgeving uitgegeven',3,'2010-10-26 02:11:57.000',false,'3594','1','Verblijfsobject','1','GV00000402',NULL,NULL,NULL,'0363300000002177',NULL,'0363010000959592',NULL),
	 ('0363200000461947','1997-03-27 00:00:00.000',NULL,9,NULL,NULL,'1019KS','Hoofdadres','Naamgeving uitgegeven',3,'2010-10-26 02:11:56.000',false,'3594','1','Verblijfsobject','1','GV00000402',NULL,NULL,NULL,'0363300000002177',NULL,'0363010000959591',NULL),
	 ('0363200000461948','1997-03-27 00:00:00.000',NULL,11,NULL,NULL,'1019KS','Hoofdadres','Naamgeving uitgegeven',3,'2010-10-26 02:11:55.000',false,'3594','1','Verblijfsobject','1','GV00000402',NULL,NULL,NULL,'0363300000002177',NULL,'0363010000959590',NULL),
	 ('0363200000461949','1997-03-27 00:00:00.000',NULL,15,NULL,NULL,'1019KS','Hoofdadres','Naamgeving uitgegeven',3,'2010-10-26 02:11:54.000',false,'3594','1','Verblijfsobject','1','GV00000402',NULL,NULL,NULL,'0363300000002177',NULL,'0363010000959587',NULL),
	 ('0363200000461950','1997-03-27 00:00:00.000',NULL,17,NULL,NULL,'1019KS','Hoofdadres','Naamgeving uitgegeven',3,'2010-10-26 02:11:53.000',false,'3594','1','Verblijfsobject','1','GV00000402',NULL,NULL,NULL,'0363300000002177',NULL,'0363010000959586',NULL);
INSERT INTO public.bag_nummeraanduiding (identificatie,begingeldigheid,eindgeldigheid,huisnummer,huisletter,huisnummertoevoeging,postcode,typeadres,statusomschrijving,volgnummer,registratiedatum,geconstateerd,ligtinwoonplaatsid,typeadresseerbaarobjectcode,typeadresseerbaarobjectomschrijving,statuscode,heeftdossierid,bagprocescode,bagprocesomschrijving,adresseertligplaatsid,ligtaanopenbareruimteid,adresseertstandplaatsid,adresseertverblijfsobjectid,plusvolgnummer) VALUES
	 ('0363200000461951','1997-03-27 00:00:00.000',NULL,21,NULL,NULL,'1019KS','Hoofdadres','Naamgeving uitgegeven',3,'2010-10-26 02:08:11.000',false,'3594','1','Verblijfsobject','1','GV00000402',NULL,NULL,NULL,'0363300000002177',NULL,'0363010000959584',NULL),
	 ('0363200000461952','1997-03-27 00:00:00.000',NULL,23,NULL,NULL,'1019KS','Hoofdadres','Naamgeving uitgegeven',3,'2010-10-26 02:08:10.000',false,'3594','1','Verblijfsobject','1','GV00000402',NULL,NULL,NULL,'0363300000002177',NULL,'0363010000959582',NULL),
	 ('0363200000461953','1997-03-27 00:00:00.000',NULL,25,NULL,NULL,'1019KS','Hoofdadres','Naamgeving uitgegeven',3,'2010-10-26 02:08:09.000',false,'3594','1','Verblijfsobject','1','GV00000402',NULL,NULL,NULL,'0363300000002177',NULL,'0363010000959581',NULL),
	 ('0363200000461954','1997-03-27 00:00:00.000',NULL,27,NULL,NULL,'1019KS','Hoofdadres','Naamgeving uitgegeven',3,'2010-10-26 22:36:16.000',false,'3594','1','Verblijfsobject','1','GV00000402',NULL,NULL,NULL,'0363300000002177',NULL,'0363010000959580',NULL),
	 ('0363200000461955','1997-03-27 00:00:00.000',NULL,29,NULL,NULL,'1019KS','Hoofdadres','Naamgeving uitgegeven',3,'2010-10-26 02:08:08.000',false,'3594','1','Verblijfsobject','1','GV00000402',NULL,NULL,NULL,'0363300000002177',NULL,'0363010000959579',NULL),
	 ('0363200000461956','1997-03-27 00:00:00.000',NULL,31,NULL,NULL,'1019KS','Hoofdadres','Naamgeving uitgegeven',3,'2010-10-26 02:08:08.000',false,'3594','1','Verblijfsobject','1','GV00000402',NULL,NULL,NULL,'0363300000002177',NULL,'0363010000959578',NULL),
	 ('0363200000461957','1997-03-27 00:00:00.000',NULL,35,NULL,NULL,'1019KS','Hoofdadres','Naamgeving uitgegeven',3,'2010-10-25 17:21:58.000',false,'3594','1','Verblijfsobject','1','GV00000402',NULL,NULL,NULL,'0363300000002177',NULL,'0363010000959575',NULL),
	 ('0363200000461958','1997-03-27 00:00:00.000',NULL,37,NULL,NULL,'1019KS','Hoofdadres','Naamgeving uitgegeven',3,'2010-10-26 23:56:34.000',false,'3594','1','Verblijfsobject','1','GV00000402',NULL,NULL,NULL,'0363300000002177',NULL,'0363010000959570',NULL),
	 ('0363200000461959','1997-03-27 00:00:00.000',NULL,41,NULL,NULL,'1019KS','Hoofdadres','Naamgeving uitgegeven',3,'2010-10-26 02:07:46.000',false,'3594','1','Verblijfsobject','1','GV00000402',NULL,NULL,NULL,'0363300000002177',NULL,'0363010000959567',NULL),
	 ('0363200000461960','1997-03-27 00:00:00.000',NULL,43,NULL,NULL,'1019KS','Hoofdadres','Naamgeving uitgegeven',3,'2010-10-26 23:56:33.000',false,'3594','1','Verblijfsobject','1','GV00000402',NULL,NULL,NULL,'0363300000002177',NULL,'0363010000959566',NULL);
INSERT INTO public.bag_nummeraanduiding (identificatie,begingeldigheid,eindgeldigheid,huisnummer,huisletter,huisnummertoevoeging,postcode,typeadres,statusomschrijving,volgnummer,registratiedatum,geconstateerd,ligtinwoonplaatsid,typeadresseerbaarobjectcode,typeadresseerbaarobjectomschrijving,statuscode,heeftdossierid,bagprocescode,bagprocesomschrijving,adresseertligplaatsid,ligtaanopenbareruimteid,adresseertstandplaatsid,adresseertverblijfsobjectid,plusvolgnummer) VALUES
	 ('0363200000461961','1997-03-27 00:00:00.000',NULL,45,NULL,NULL,'1019KS','Hoofdadres','Naamgeving uitgegeven',3,'2010-10-26 02:07:46.000',false,'3594','1','Verblijfsobject','1','GV00000402',NULL,NULL,NULL,'0363300000002177',NULL,'0363010000959564',NULL),
	 ('0363200000461962','1997-03-27 00:00:00.000',NULL,47,NULL,NULL,'1019KS','Hoofdadres','Naamgeving uitgegeven',3,'2010-10-26 02:03:56.000',false,'3594','1','Verblijfsobject','1','GV00000402',NULL,NULL,NULL,'0363300000002177',NULL,'0363010000959555',NULL),
	 ('0363200000461963','1997-03-27 00:00:00.000',NULL,49,NULL,NULL,'1019KS','Hoofdadres','Naamgeving uitgegeven',3,'2010-10-26 02:07:36.000',false,'3594','1','Verblijfsobject','1','GV00000402',NULL,NULL,NULL,'0363300000002177',NULL,'0363010000959540',NULL),
	 ('0363200000461964','1997-03-27 00:00:00.000',NULL,51,NULL,NULL,'1019KS','Hoofdadres','Naamgeving uitgegeven',3,'2010-10-26 02:07:36.000',false,'3594','1','Verblijfsobject','1','GV00000402',NULL,NULL,NULL,'0363300000002177',NULL,'0363010000959539',NULL),
	 ('0363200000461965','1997-03-27 00:00:00.000',NULL,53,NULL,NULL,'1019KS','Hoofdadres','Naamgeving uitgegeven',3,'2010-10-26 02:07:35.000',false,'3594','1','Verblijfsobject','1','GV00000402',NULL,NULL,NULL,'0363300000002177',NULL,'0363010000959538',NULL),
	 ('0363200000461966','1997-03-27 00:00:00.000',NULL,55,NULL,NULL,'1019KS','Hoofdadres','Naamgeving uitgegeven',3,'2010-10-26 02:07:34.000',false,'3594','1','Verblijfsobject','1','GV00000402',NULL,NULL,NULL,'0363300000002177',NULL,'0363010000959537',NULL),
	 ('0363200000461967','1997-03-27 00:00:00.000',NULL,57,NULL,NULL,'1019KS','Hoofdadres','Naamgeving uitgegeven',3,'2010-10-26 02:07:34.000',false,'3594','1','Verblijfsobject','1','GV00000402',NULL,NULL,NULL,'0363300000002177',NULL,'0363010000959536',NULL),
	 ('0363200000461968','1997-03-27 00:00:00.000',NULL,59,NULL,NULL,'1019KS','Hoofdadres','Naamgeving uitgegeven',3,'2010-10-26 07:19:41.000',false,'3594','1','Verblijfsobject','1','GV00000402',NULL,NULL,NULL,'0363300000002177',NULL,'0363010000959535',NULL),
	 ('0363200000461969','1997-03-27 00:00:00.000',NULL,61,NULL,NULL,'1019KS','Hoofdadres','Naamgeving uitgegeven',3,'2010-10-26 02:07:33.000',false,'3594','1','Verblijfsobject','1','GV00000402',NULL,NULL,NULL,'0363300000002177',NULL,'0363010000959534',NULL),
	 ('0363200000461970','1997-03-27 00:00:00.000',NULL,63,NULL,NULL,'1019KS','Hoofdadres','Naamgeving uitgegeven',3,'2010-10-26 23:48:43.000',false,'3594','1','Verblijfsobject','1','GV00000402',NULL,NULL,NULL,'0363300000002177',NULL,'0363010000959533',NULL);
INSERT INTO public.bag_nummeraanduiding (identificatie,begingeldigheid,eindgeldigheid,huisnummer,huisletter,huisnummertoevoeging,postcode,typeadres,statusomschrijving,volgnummer,registratiedatum,geconstateerd,ligtinwoonplaatsid,typeadresseerbaarobjectcode,typeadresseerbaarobjectomschrijving,statuscode,heeftdossierid,bagprocescode,bagprocesomschrijving,adresseertligplaatsid,ligtaanopenbareruimteid,adresseertstandplaatsid,adresseertverblijfsobjectid,plusvolgnummer) VALUES
	 ('0363200000461971','1997-03-27 00:00:00.000',NULL,65,NULL,NULL,'1019KS','Hoofdadres','Naamgeving uitgegeven',3,'2010-10-26 02:07:33.000',false,'3594','1','Verblijfsobject','1','GV00000402',NULL,NULL,NULL,'0363300000002177',NULL,'0363010000959532',NULL),
	 ('0363200000461972','1997-03-27 00:00:00.000',NULL,67,NULL,NULL,'1019KS','Hoofdadres','Naamgeving uitgegeven',3,'2010-10-26 02:07:32.000',false,'3594','1','Verblijfsobject','1','GV00000402',NULL,NULL,NULL,'0363300000002177',NULL,'0363010000959531',NULL),
	 ('0363200000461973','1997-03-27 00:00:00.000',NULL,69,NULL,NULL,'1019KS','Hoofdadres','Naamgeving uitgegeven',3,'2010-10-26 23:48:42.000',false,'3594','1','Verblijfsobject','1','GV00000402',NULL,NULL,NULL,'0363300000002177',NULL,'0363010000959530',NULL),
	 ('0363200000461974','1997-03-27 00:00:00.000',NULL,71,NULL,NULL,'1019KS','Hoofdadres','Naamgeving uitgegeven',3,'2010-10-26 02:02:44.000',false,'3594','1','Verblijfsobject','1','GV00000402',NULL,NULL,NULL,'0363300000002177',NULL,'0363010000959529',NULL),
	 ('0363200000461975','1997-03-27 00:00:00.000',NULL,73,NULL,NULL,'1019KS','Hoofdadres','Naamgeving uitgegeven',3,'2010-10-26 02:02:44.000',false,'3594','1','Verblijfsobject','1','GV00000402',NULL,NULL,NULL,'0363300000002177',NULL,'0363010000959528',NULL),
	 ('0363200000461976','1997-03-27 00:00:00.000',NULL,75,NULL,NULL,'1019KS','Hoofdadres','Naamgeving uitgegeven',3,'2010-10-27 01:43:10.000',false,'3594','1','Verblijfsobject','1','GV00000402',NULL,NULL,NULL,'0363300000002177',NULL,'0363010000959527',NULL),
	 ('0363200000461977','1997-03-27 00:00:00.000',NULL,77,NULL,NULL,'1019KS','Hoofdadres','Naamgeving uitgegeven',3,'2010-10-26 02:02:43.000',false,'3594','1','Verblijfsobject','1','GV00000402',NULL,NULL,NULL,'0363300000002177',NULL,'0363010000959526',NULL),
	 ('0363200000461978','1997-03-27 00:00:00.000',NULL,79,NULL,NULL,'1019KS','Hoofdadres','Naamgeving uitgegeven',3,'2010-10-26 02:02:43.000',false,'3594','1','Verblijfsobject','1','GV00000402',NULL,NULL,NULL,'0363300000002177',NULL,'0363010000959525',NULL),
	 ('0363200000461979','1997-03-27 00:00:00.000',NULL,81,NULL,NULL,'1019KS','Hoofdadres','Naamgeving uitgegeven',3,'2010-10-26 07:19:41.000',false,'3594','1','Verblijfsobject','1','GV00000402',NULL,NULL,NULL,'0363300000002177',NULL,'0363010000959524',NULL),
	 ('0363200000461980','1997-03-27 00:00:00.000',NULL,83,NULL,NULL,'1019KS','Hoofdadres','Naamgeving uitgegeven',3,'2010-10-26 07:19:40.000',false,'3594','1','Verblijfsobject','1','GV00000402',NULL,NULL,NULL,'0363300000002177',NULL,'0363010000959523',NULL);
INSERT INTO public.bag_nummeraanduiding (identificatie,begingeldigheid,eindgeldigheid,huisnummer,huisletter,huisnummertoevoeging,postcode,typeadres,statusomschrijving,volgnummer,registratiedatum,geconstateerd,ligtinwoonplaatsid,typeadresseerbaarobjectcode,typeadresseerbaarobjectomschrijving,statuscode,heeftdossierid,bagprocescode,bagprocesomschrijving,adresseertligplaatsid,ligtaanopenbareruimteid,adresseertstandplaatsid,adresseertverblijfsobjectid,plusvolgnummer) VALUES
	 ('0363200000461981','1997-03-27 00:00:00.000',NULL,1,NULL,NULL,'1019KS','Hoofdadres','Naamgeving uitgegeven',3,'2010-10-26 02:11:58.000',false,'3594','1','Verblijfsobject','1','GV00000402',NULL,NULL,NULL,'0363300000002177',NULL,'0363010000959597',NULL),
	 ('0363200000461982','2021-10-12 00:00:00.000',NULL,13,NULL,NULL,'1019KS','Hoofdadres','Naamgeving ingetrokken',6,'2021-11-16 15:00:21.000',false,'3594','1','Verblijfsobject','2','SM00001743','115','Melding sloop afgerond',NULL,'0363300000002177',NULL,'0363010000959588',NULL),
	 ('0363200000461983','1997-03-27 00:00:00.000',NULL,19,NULL,NULL,'1019KS','Hoofdadres','Naamgeving uitgegeven',3,'2010-10-26 02:08:11.000',false,'3594','1','Verblijfsobject','1','GV00000402',NULL,NULL,NULL,'0363300000002177',NULL,'0363010000959585',NULL),
	 ('0363200000461984','1997-03-27 00:00:00.000',NULL,33,NULL,NULL,'1019KS','Hoofdadres','Naamgeving uitgegeven',3,'2010-10-26 02:02:45.000',false,'3594','1','Verblijfsobject','1','GV00000402',NULL,NULL,NULL,'0363300000002177',NULL,'0363010000959576',NULL),
	 ('0363200000461985','1997-03-27 00:00:00.000',NULL,39,NULL,NULL,'1019KS','Hoofdadres','Naamgeving uitgegeven',3,'2010-10-26 02:07:48.000',false,'3594','1','Verblijfsobject','1','GV00000402',NULL,NULL,NULL,'0363300000002177',NULL,'0363010000959569',NULL),
	 ('0363200000461986','1997-03-27 00:00:00.000',NULL,511,NULL,NULL,'1019KP','Hoofdadres','Naamgeving uitgegeven',3,'2010-10-26 23:13:36.000',false,'3594','1','Verblijfsobject','1','GV00000402',NULL,NULL,NULL,'0363300000001083',NULL,'0363010000979373',NULL),
	 ('0363200000461987','2017-11-06 00:00:00.000',NULL,513,NULL,NULL,'1019KP','Hoofdadres','Naamgeving ingetrokken',6,'2020-07-14 14:24:47.000',false,'3594','1','Verblijfsobject','2','SM00001649','115','Melding sloop afgerond',NULL,'0363300000001083',NULL,'0363010000979374',NULL),
	 ('0363200000461988','1997-03-27 00:00:00.000',NULL,515,NULL,NULL,'1019KP','Hoofdadres','Naamgeving uitgegeven',3,'2010-10-25 23:01:06.000',false,'3594','1','Verblijfsobject','1','GV00000402',NULL,NULL,NULL,'0363300000001083',NULL,'0363010000979375',NULL),
	 ('0363200000461989','1997-03-27 00:00:00.000',NULL,517,NULL,NULL,'1019KP','Hoofdadres','Naamgeving uitgegeven',3,'2010-10-25 23:01:07.000',false,'3594','1','Verblijfsobject','1','GV00000402',NULL,NULL,NULL,'0363300000001083',NULL,'0363010000979376',NULL),
	 ('0363200000461990','1997-03-27 00:00:00.000',NULL,519,NULL,NULL,'1019KP','Hoofdadres','Naamgeving uitgegeven',3,'2010-10-26 23:13:37.000',false,'3594','1','Verblijfsobject','1','GV00000402',NULL,NULL,NULL,'0363300000001083',NULL,'0363010000979377',NULL);
INSERT INTO public.bag_nummeraanduiding (identificatie,begingeldigheid,eindgeldigheid,huisnummer,huisletter,huisnummertoevoeging,postcode,typeadres,statusomschrijving,volgnummer,registratiedatum,geconstateerd,ligtinwoonplaatsid,typeadresseerbaarobjectcode,typeadresseerbaarobjectomschrijving,statuscode,heeftdossierid,bagprocescode,bagprocesomschrijving,adresseertligplaatsid,ligtaanopenbareruimteid,adresseertstandplaatsid,adresseertverblijfsobjectid,plusvolgnummer) VALUES
	 ('0363200000476862','1997-03-17 00:00:00.000',NULL,4,NULL,NULL,'1019KR','Hoofdadres','Naamgeving uitgegeven',3,'2010-10-26 05:52:30.000',false,'3594','1','Verblijfsobject','1','GV00000402',NULL,NULL,NULL,'0363300000001026',NULL,'0363010000997014',NULL),
	 ('0363200000476864','1997-03-17 00:00:00.000',NULL,8,NULL,NULL,'1019KR','Hoofdadres','Naamgeving uitgegeven',3,'2010-10-27 05:22:05.000',false,'3594','1','Verblijfsobject','1','GV00000402',NULL,NULL,NULL,'0363300000001026',NULL,'0363010000997015',NULL),
	 ('0363200000476866','1997-03-17 00:00:00.000',NULL,12,NULL,NULL,'1019KR','Hoofdadres','Naamgeving uitgegeven',3,'2010-10-26 07:36:59.000',false,'3594','1','Verblijfsobject','1','GV00000402',NULL,NULL,NULL,'0363300000001026',NULL,'0363010000997016',NULL),
	 ('0363200000505211','2010-11-17 00:00:00.000',NULL,10,NULL,'H','1016PE','Hoofdadres','Naamgeving ingetrokken',6,'2010-12-22 09:36:58.000',false,'3594','1','Verblijfsobject','2','SA00003379','135','Intrekken verblijfsobject',NULL,'0363300000002594',NULL,'0363010001021353',NULL),
	 ('0363200000509970','2005-02-14 00:00:00.000',NULL,73,NULL,NULL,'1012RE','Hoofdadres','Naamgeving uitgegeven',3,'2010-10-25 04:34:47.000',false,'3594','1','Verblijfsobject','1','GV00000403',NULL,NULL,NULL,'0363300000004690',NULL,'0363010001024147',NULL),
	 ('0363200003716690','2009-02-12 00:00:00.000',NULL,67,NULL,NULL,'1012RE','Hoofdadres','Naamgeving uitgegeven',3,'2010-10-24 01:06:50.000',false,'3594','1','Verblijfsobject','1','GV00000403',NULL,NULL,NULL,'0363300000004690',NULL,'0363010003716772',NULL),
	 ('0363200012063539','2011-05-30 00:00:00.000',NULL,116,'A',NULL,'1016RR','Hoofdadres','Naamgeving uitgegeven',4,'2023-11-23 08:39:01.000',false,'3594','1','Verblijfsobject','1','SA00003543',NULL,NULL,NULL,'0363300000004136',NULL,'0363010012063412',NULL),
	 ('0363200012063540','2011-05-30 00:00:00.000',NULL,116,'T',NULL,'1016RR','Hoofdadres','Naamgeving uitgegeven',3,'2011-06-10 11:48:45.000',false,'3594','1','Verblijfsobject','1','SA00003543',NULL,NULL,NULL,'0363300000004136',NULL,'0363010012063413',NULL),
	 ('0363200012063541','2011-05-30 00:00:00.000',NULL,116,'S',NULL,'1016RR','Hoofdadres','Naamgeving uitgegeven',3,'2011-06-10 11:48:43.000',false,'3594','1','Verblijfsobject','1','SA00003543',NULL,NULL,NULL,'0363300000004136',NULL,'0363010012063414',NULL),
	 ('0363200012063542','2011-05-30 00:00:00.000',NULL,116,'R',NULL,'1016RR','Hoofdadres','Naamgeving uitgegeven',3,'2011-06-10 11:48:42.000',false,'3594','1','Verblijfsobject','1','SA00003543',NULL,NULL,NULL,'0363300000004136',NULL,'0363010012063415',NULL);
INSERT INTO public.bag_nummeraanduiding (identificatie,begingeldigheid,eindgeldigheid,huisnummer,huisletter,huisnummertoevoeging,postcode,typeadres,statusomschrijving,volgnummer,registratiedatum,geconstateerd,ligtinwoonplaatsid,typeadresseerbaarobjectcode,typeadresseerbaarobjectomschrijving,statuscode,heeftdossierid,bagprocescode,bagprocesomschrijving,adresseertligplaatsid,ligtaanopenbareruimteid,adresseertstandplaatsid,adresseertverblijfsobjectid,plusvolgnummer) VALUES
	 ('0363200012063543','2011-05-30 00:00:00.000',NULL,116,'U',NULL,'1016RR','Hoofdadres','Naamgeving uitgegeven',3,'2011-06-10 11:48:47.000',false,'3594','1','Verblijfsobject','1','SA00003543',NULL,NULL,NULL,'0363300000004136',NULL,'0363010012063416',NULL),
	 ('0363200012063544','2011-05-30 00:00:00.000',NULL,116,'Z',NULL,'1016RR','Hoofdadres','Naamgeving uitgegeven',3,'2011-06-10 11:48:52.000',false,'3594','1','Verblijfsobject','1','SA00003543',NULL,NULL,NULL,'0363300000004136',NULL,'0363010012063417',NULL),
	 ('0363200012063545','2011-05-30 00:00:00.000',NULL,116,'X',NULL,'1016RR','Hoofdadres','Naamgeving uitgegeven',3,'2011-06-10 11:48:50.000',false,'3594','1','Verblijfsobject','1','SA00003543',NULL,NULL,NULL,'0363300000004136',NULL,'0363010012063418',NULL),
	 ('0363200012063546','2011-05-30 00:00:00.000',NULL,116,'W',NULL,'1016RR','Hoofdadres','Naamgeving uitgegeven',3,'2011-06-10 11:48:49.000',false,'3594','1','Verblijfsobject','1','SA00003543',NULL,NULL,NULL,'0363300000004136',NULL,'0363010012063419',NULL),
	 ('0363200012063547','2011-05-30 00:00:00.000',NULL,116,'P',NULL,'1016RR','Hoofdadres','Naamgeving uitgegeven',3,'2011-06-10 11:48:40.000',false,'3594','1','Verblijfsobject','1','SA00003543',NULL,NULL,NULL,'0363300000004136',NULL,'0363010012063420',NULL),
	 ('0363200012063548','2011-05-30 00:00:00.000',NULL,116,'B','3','1016RR','Hoofdadres','Naamgeving uitgegeven',4,'2023-11-23 09:26:02.000',false,'3594','1','Verblijfsobject','1','SA00003543',NULL,NULL,NULL,'0363300000004136',NULL,'0363010012063421',NULL),
	 ('0363200012063549','2011-05-30 00:00:00.000',NULL,116,'B','2','1016RR','Hoofdadres','Naamgeving uitgegeven',4,'2023-11-23 09:05:14.000',false,'3594','1','Verblijfsobject','1','SA00003543',NULL,NULL,NULL,'0363300000004136',NULL,'0363010012063422',NULL),
	 ('0363200012063550','2011-05-30 00:00:00.000',NULL,116,'B','1','1016RR','Hoofdadres','Naamgeving uitgegeven',4,'2023-11-23 09:02:30.000',false,'3594','1','Verblijfsobject','1','SA00003543',NULL,NULL,NULL,'0363300000004136',NULL,'0363010012063423',NULL),
	 ('0363200012063551','2011-05-30 00:00:00.000',NULL,116,'B','4','1016RR','Hoofdadres','Naamgeving uitgegeven',4,'2023-11-23 09:38:13.000',false,'3594','1','Verblijfsobject','1','SA00003543',NULL,NULL,NULL,'0363300000004136',NULL,'0363010012063424',NULL),
	 ('0363200012063552','2011-05-30 00:00:00.000',NULL,116,'N',NULL,'1016RR','Hoofdadres','Naamgeving uitgegeven',3,'2011-06-10 11:48:38.000',false,'3594','1','Verblijfsobject','1','SA00003543',NULL,NULL,NULL,'0363300000004136',NULL,'0363010012063425',NULL);
INSERT INTO public.bag_nummeraanduiding (identificatie,begingeldigheid,eindgeldigheid,huisnummer,huisletter,huisnummertoevoeging,postcode,typeadres,statusomschrijving,volgnummer,registratiedatum,geconstateerd,ligtinwoonplaatsid,typeadresseerbaarobjectcode,typeadresseerbaarobjectomschrijving,statuscode,heeftdossierid,bagprocescode,bagprocesomschrijving,adresseertligplaatsid,ligtaanopenbareruimteid,adresseertstandplaatsid,adresseertverblijfsobjectid,plusvolgnummer) VALUES
	 ('0363200012063557','2011-05-30 00:00:00.000',NULL,116,'K',NULL,'1016RR','Hoofdadres','Naamgeving uitgegeven',3,'2011-06-14 10:04:21.000',false,'3594','1','Verblijfsobject','1','SA00003543',NULL,NULL,NULL,'0363300000004136',NULL,'0363010012063430',NULL),
	 ('0363200012063558','2011-05-30 00:00:00.000',NULL,116,'L',NULL,'1016RR','Hoofdadres','Naamgeving uitgegeven',3,'2011-06-14 10:04:22.000',false,'3594','1','Verblijfsobject','1','SA00003543',NULL,NULL,NULL,'0363300000004136',NULL,'0363010012063431',NULL),
	 ('0363200012063559','2011-05-30 00:00:00.000',NULL,116,'M',NULL,'1016RR','Hoofdadres','Naamgeving uitgegeven',3,'2011-06-14 10:04:24.000',false,'3594','1','Verblijfsobject','1','SA00003543',NULL,NULL,NULL,'0363300000004136',NULL,'0363010012063432',NULL),
	 ('0363200012063560','2011-05-30 00:00:00.000',NULL,116,'G',NULL,'1016RR','Hoofdadres','Naamgeving uitgegeven',3,'2011-06-14 10:04:18.000',false,'3594','1','Verblijfsobject','1','SA00003543',NULL,NULL,NULL,'0363300000004136',NULL,'0363010012063433',NULL),
	 ('0363200012063561','2011-05-30 00:00:00.000',NULL,116,'C',NULL,'1016RR','Hoofdadres','Naamgeving uitgegeven',3,'2011-06-14 10:04:26.000',false,'3594','1','Verblijfsobject','1','SA00003543',NULL,NULL,NULL,'0363300000004136',NULL,'0363010012063434',NULL),
	 ('0363200012063562','2011-05-30 00:00:00.000',NULL,116,'E',NULL,'1016RR','Hoofdadres','Naamgeving uitgegeven',3,'2011-06-14 10:04:16.000',false,'3594','1','Verblijfsobject','1','SA00003543',NULL,NULL,NULL,'0363300000004136',NULL,'0363010012063435',NULL),
	 ('0363200012063563','2011-05-30 00:00:00.000',NULL,116,'F',NULL,'1016RR','Hoofdadres','Naamgeving uitgegeven',3,'2011-06-14 10:04:14.000',false,'3594','1','Verblijfsobject','1','SA00003543',NULL,NULL,NULL,'0363300000004136',NULL,'0363010012063436',NULL),
	 ('0363200012064339','2011-07-22 00:00:00.000',NULL,116,'V',NULL,'1016RR','Hoofdadres','Naamgeving uitgegeven',3,'2011-07-28 09:07:18.000',false,'3594','1','Verblijfsobject','1','SA00003589',NULL,NULL,NULL,'0363300000004136',NULL,'0363010012064199',NULL),
	 ('0363200012089105','2014-01-10 00:00:00.000',NULL,101,'A',NULL,'1018GA','Hoofdadres','Naamgeving uitgegeven',3,'2014-09-03 11:57:05.000',false,'3594','1','Verblijfsobject','1','SA00006897','145','Samenvoegen verblijfsobjecten',NULL,'0363300000004461',NULL,'0363010012087760',NULL),
	 ('0363200012089107','2014-01-10 00:00:00.000',NULL,101,'B',NULL,'1018GA','Hoofdadres','Naamgeving uitgegeven',3,'2014-09-03 12:16:56.000',false,'3594','1','Verblijfsobject','1','SA00006897','145','Samenvoegen verblijfsobjecten',NULL,'0363300000004461',NULL,'0363010012087762',NULL);
INSERT INTO public.bag_nummeraanduiding (identificatie,begingeldigheid,eindgeldigheid,huisnummer,huisletter,huisnummertoevoeging,postcode,typeadres,statusomschrijving,volgnummer,registratiedatum,geconstateerd,ligtinwoonplaatsid,typeadresseerbaarobjectcode,typeadresseerbaarobjectomschrijving,statuscode,heeftdossierid,bagprocescode,bagprocesomschrijving,adresseertligplaatsid,ligtaanopenbareruimteid,adresseertstandplaatsid,adresseertverblijfsobjectid,plusvolgnummer) VALUES
	 ('0363200012129747','2017-11-06 00:00:00.000',NULL,513,NULL,NULL,'1019KP','Hoofdadres','Naamgeving uitgegeven',3,'2017-11-06 12:56:01.000',false,'3594','1','Verblijfsobject','1','SM00001649','143','Splitsen verblijfsobject',NULL,'0363300000001083',NULL,'0363010012127847',NULL),
	 ('0363200012129748','2017-11-06 00:00:00.000',NULL,513,'A',NULL,'1019KP','Hoofdadres','Naamgeving uitgegeven',3,'2017-11-06 12:56:01.000',false,'3594','1','Verblijfsobject','1','SM00001649','143','Splitsen verblijfsobject',NULL,'0363300000001083',NULL,'0363010012127848',NULL),
	 ('0363200012152052','2019-10-04 00:00:00.000',NULL,116,'D','1','1016RR','Hoofdadres','Naamgeving uitgegeven',4,'2019-10-04 08:41:23.000',false,'3594','1','Verblijfsobject','1',NULL,'101','Verlenen bouwvergunning',NULL,'0363300000004136',NULL,'0363010012150039',NULL),
	 ('0363200012152053','2019-10-04 00:00:00.000',NULL,116,'D','2','1016RR','Hoofdadres','Naamgeving uitgegeven',4,'2019-10-04 08:41:22.000',false,'3594','1','Verblijfsobject','1',NULL,'101','Verlenen bouwvergunning',NULL,'0363300000004136',NULL,'0363010012150040',NULL),
	 ('0363200012173592','2022-01-12 00:00:00.000',NULL,54,NULL,NULL,'1019KR','Hoofdadres','Naamgeving uitgegeven',3,'2022-01-12 08:42:30.000',false,'3594','1','Verblijfsobject','1','SM00001754','145','Samenvoegen verblijfsobjecten',NULL,'0363300000001026',NULL,'0363010012171416',NULL),
	 ('0363200013041944','2024-01-30 00:00:00.000',NULL,51,NULL,NULL,'1019KS','Hoofdadres','Naamgeving uitgegeven',4,'2024-01-31 12:48:35.000',false,'3594','1','Verblijfsobject','1',NULL,'145','Samenvoegen verblijfsobjecten',NULL,'0363300000002177',NULL,'0363010012581839',NULL);


--
-- Data for Name: bag_verblijfsobjectpandrelatie; Type: TABLE DATA; Schema: public; Owner: iiif_metadata_server
--
INSERT INTO public.bag_verblijfsobjectpandrelatie (ligtinpandenidentificatie,verblijfsobjectenidentificatie) VALUES
	 ('0363100012174716','0363010012063423'),
	 ('0363100012076352','0363010000959525'),
	 ('0363100012143649','0363010000979524'),
	 ('0363100012168549','0363010001021353'),
	 ('0363100012168986','0363010012063435'),
	 ('0363100012121323','0363010000979477'),
	 ('0363100012083329','0363010000959540'),
	 ('0363100012073762','0363010000959566'),
	 ('0363100012181019','0363010000804676'),
	 ('0363100012083329','0363010000959534');
INSERT INTO public.bag_verblijfsobjectpandrelatie (ligtinpandenidentificatie,verblijfsobjectenidentificatie) VALUES
	 ('0363100012179564','0363010000961571'),
	 ('0363100012152240','0363010000979506'),
	 ('0363100012168986','0363010012063427'),
	 ('0363100012083329','0363010000959538'),
	 ('0363100012152240','0363010000979515'),
	 ('0363100012076352','0363010000959524'),
	 ('0363100012116749','0363010000979495'),
	 ('0363100012076352','0363010000959526'),
	 ('0363100012181226','0363010000672828'),
	 ('0363100012168986','0363010012063416');
INSERT INTO public.bag_verblijfsobjectpandrelatie (ligtinpandenidentificatie,verblijfsobjectenidentificatie) VALUES
	 ('0363100012152240','0363010000979507'),
	 ('0363100012143649','0363010000979525'),
	 ('0363100012168986','0363010012063436'),
	 ('0363100012073762','0363010000979504'),
	 ('0363100012174716','0363010012063424'),
	 ('0363100012131590','0363010000959581'),
	 ('0363100012115768','0363010000959591'),
	 ('0363100012083329','0363010000959533'),
	 ('0363100012152240','0363010000979505'),
	 ('0363100012076352','0363010000959530');
INSERT INTO public.bag_verblijfsobjectpandrelatie (ligtinpandenidentificatie,verblijfsobjectenidentificatie) VALUES
	 ('0363100012092662','0363010000979482'),
	 ('0363100012121323','0363010000979379'),
	 ('0363100012131590','0363010000959582'),
	 ('0363100012181019','0363010000804675'),
	 ('0363100012181226','0363010000672831'),
	 ('0363100012168986','0363010012063418'),
	 ('0363100012181226','0363010000672829'),
	 ('0363100012115768','0363010000959597'),
	 ('0363100012115768','0363010000959595'),
	 ('0363100012131590','0363010000979484');
INSERT INTO public.bag_verblijfsobjectpandrelatie (ligtinpandenidentificatie,verblijfsobjectenidentificatie) VALUES
	 ('0363100012174716','0363010012063422'),
	 ('0363100012168986','0363010012063414'),
	 ('0363100012168986','0363010012063438'),
	 ('0363100012121323','0363010000979381'),
	 ('0363100012168986','0363010012063419'),
	 ('0363100012116749','0363010000979496'),
	 ('0363100012138795','0363010000959575'),
	 ('0363100012179564','0363010001024147'),
	 ('0363100012115768','0363010000979377'),
	 ('0363100012152240','0363010012171416');
INSERT INTO public.bag_verblijfsobjectpandrelatie (ligtinpandenidentificatie,verblijfsobjectenidentificatie) VALUES
	 ('0363100012143649','0363010000979528'),
	 ('0363100012146344','0363010000979481'),
	 ('0363100012168986','0363010012064199'),
	 ('0363100012168986','0363010012063430'),
	 ('0363100012083329','0363010000959539'),
	 ('0363100012115768','0363010000979376'),
	 ('0363100012152240','0363010000979518'),
	 ('0363100012099768','0363010012581839'),
	 ('0363100012168986','0363010012063434'),
	 ('0363100012152240','0363010000979508');
INSERT INTO public.bag_verblijfsobjectpandrelatie (ligtinpandenidentificatie,verblijfsobjectenidentificatie) VALUES
	 ('0363100012168986','0363010000719556'),
	 ('0363100012181019','0363010012087762'),
	 ('0363100012121323','0363010012127847'),
	 ('0363100012152240','0363010000979519'),
	 ('0363100012143649','0363010000979529'),
	 ('0363100012073762','0363010000979497'),
	 ('0363100012181226','0363010000672830'),
	 ('0363100012078109','0363010000979493'),
	 ('0363100012072223','0363010000959585'),
	 ('0363100012092662','0363010000979483');
INSERT INTO public.bag_verblijfsobjectpandrelatie (ligtinpandenidentificatie,verblijfsobjectenidentificatie) VALUES
	 ('0363100012073762','0363010000959567'),
	 ('0363100012147352','0363010000959587'),
	 ('0363100012168549','0363010000553680'),
	 ('0363100012152240','0363010000979513'),
	 ('0363100012131590','0363010000979485'),
	 ('0363100012168986','0363010012063437'),
	 ('0363100012168986','0363010000719557'),
	 ('0363100012099768','0363010000979520'),
	 ('0363100012168986','0363010012063433'),
	 ('0363100012146344','0363010000979478');
INSERT INTO public.bag_verblijfsobjectpandrelatie (ligtinpandenidentificatie,verblijfsobjectenidentificatie) VALUES
	 ('0363100012078109','0363010000979491'),
	 ('0363100012073762','0363010000979500'),
	 ('0363100012143649','0363010000979521'),
	 ('0363100012121323','0363010000979374'),
	 ('0363100012152240','0363010000979509'),
	 ('0363100012174716','0363010012063412'),
	 ('0363100012147352','0363010000959588'),
	 ('0363100012131590','0363010000979487'),
	 ('0363100012168986','0363010012063415'),
	 ('0363100012168986','0363010012063413');
INSERT INTO public.bag_verblijfsobjectpandrelatie (ligtinpandenidentificatie,verblijfsobjectenidentificatie) VALUES
	 ('0363100012131590','0363010000959579'),
	 ('0363100012143649','0363010000979530'),
	 ('0363100012168549','0363010000553682'),
	 ('0363100012083329','0363010000959537'),
	 ('0363100012181019','0363010000804677'),
	 ('0363100012168986','0363010012063425'),
	 ('0363100012121323','0363010000979472'),
	 ('0363100012073762','0363010000959564'),
	 ('0363100012143649','0363010000979526'),
	 ('0363100012168549','0363010012061208');
INSERT INTO public.bag_verblijfsobjectpandrelatie (ligtinpandenidentificatie,verblijfsobjectenidentificatie) VALUES
	 ('0363100012121323','0363010000997015'),
	 ('0363100012126434','0363010000959570'),
	 ('0363100012152240','0363010000979510'),
	 ('0363100012115768','0363010000959594'),
	 ('0363100012131590','0363010000959578'),
	 ('0363100012174716','0363010012063421'),
	 ('0363100012131590','0363010000979486'),
	 ('0363100012083329','0363010000959536'),
	 ('0363100012168549','0363010000553681'),
	 ('0363100012083329','0363010000959555');
INSERT INTO public.bag_verblijfsobjectpandrelatie (ligtinpandenidentificatie,verblijfsobjectenidentificatie) VALUES
	 ('0363100012168986','0363010012063431'),
	 ('0363100012072223','0363010000959586'),
	 ('0363100012121323','0363010012127848'),
	 ('0363100012168986','0363010012063432'),
	 ('0363100012115768','0363010000959592'),
	 ('0363100012101298','0363010000959523'),
	 ('0363100012073762','0363010000979499'),
	 ('0363100012152240','0363010000979516'),
	 ('0363100012174711','0363010012150039'),
	 ('0363100012174711','0363010012150040');
INSERT INTO public.bag_verblijfsobjectpandrelatie (ligtinpandenidentificatie,verblijfsobjectenidentificatie) VALUES
	 ('0363100012168549','0363010000553683'),
	 ('0363100012131590','0363010000979488'),
	 ('0363100012138795','0363010000959576'),
	 ('0363100012131590','0363010000979490'),
	 ('0363100012131590','0363010000959584'),
	 ('0363100012168549','0363010000937390'),
	 ('0363100012168268','0363010003716772'),
	 ('0363100012168986','0363010012063426'),
	 ('0363100012152240','0363010000979512'),
	 ('0363100012143649','0363010000979522');
INSERT INTO public.bag_verblijfsobjectpandrelatie (ligtinpandenidentificatie,verblijfsobjectenidentificatie) VALUES
	 ('0363100012115768','0363010000979375'),
	 ('0363100012121323','0363010000997016'),
	 ('0363100012083329','0363010000959535'),
	 ('0363100012131590','0363010000959580'),
	 ('0363100012076352','0363010000959531'),
	 ('0363100012126434','0363010000959569'),
	 ('0363100012168986','0363010012063420'),
	 ('0363100012076352','0363010000959529'),
	 ('0363100012121323','0363010000979373'),
	 ('0363100012174711','0363010012150041');
INSERT INTO public.bag_verblijfsobjectpandrelatie (ligtinpandenidentificatie,verblijfsobjectenidentificatie) VALUES
	 ('0363100012181019','0363010012087760'),
	 ('0363100012121323','0363010000997014'),
	 ('0363100012143649','0363010000979531'),
	 ('0363100012083329','0363010000959539'),
	 ('0363100012099768','0363010000959532'),
	 ('0363100012076352','0363010000959528'),
	 ('0363100012168986','0363010012063417'),
	 ('0363100012115768','0363010000959590'),
	 ('0363100012076352','0363010000959527'),
	 ('0363100012181019','0363010000804674');
INSERT INTO public.bag_verblijfsobjectpandrelatie (ligtinpandenidentificatie,verblijfsobjectenidentificatie) VALUES
	 ('0363100012143649','0363010000979527'),
	 ('0363100012168986','0363010012063439'),
	 ('0363100012073762','0363010000979503');



--
-- PostgreSQL database dump complete
--

